temperature,vibration,voltage,usage,failure
72.48357076505616,12.798710873172004,213.24821725025618,818.7402294840508,1
69.30867849414408,11.849267365825538,218.5548132928448,983.567206513663,1
73.23844269050346,10.119260739840348,212.0758007900004,259.670838950414,0
77.61514928204012,8.706126444588852,216.92038470360959,969.7236327979771,1
68.82923312638331,11.39644662722718,201.06385333046214,431.2338697915579,0
68.8293152152541,10.7869707708435,222.13293707372938,347.51879531375465,0
77.89606407753696,11.790386440055464,220.01205475362224,50.34952696935324,1
73.83717364576455,11.270343603363939,211.8291136893181,52.76525785960262,0
67.65262807032524,12.09910543063867,226.59245668432405,692.0112559466547,1
72.71280021792982,8.929529576878863,229.3757013762656,457.9289944340279,1
67.68291153593769,12.634788131268651,203.92440135631026,226.52162603610572,1
67.67135123214871,10.3951992093848,212.37275221433785,613.9703063252326,0
71.20981135783018,14.150521745250531,212.308576502127,252.85811825011118,1
60.43359877671101,8.621624363820864,210.60096898891135,577.6317543444226,0
61.375410837434835,13.4719276063305,228.29474841931747,359.20874698269034,1
67.18856235379513,10.395821566925296,218.06173861227197,823.552226611819,1
64.93584439832789,8.697163992771102,217.3548515868939,820.6961607667793,0
71.57123666297637,9.032228331891357,199.96137635593246,477.3503981224013,0
65.45987962239394,9.35930538361136,226.35418030209226,350.8191093350156,0
62.93848149332354,10.848331892803833,207.60741605146526,362.55979655909454,0
77.32824384460777,11.045670976071,220.5993263026633,805.7145256682179,0
68.87111849756732,8.852599992122842,222.77376937958192,328.179482797612,1
70.33764102343962,9.951290815478034,233.60658595838652,209.05937370684603,1
62.87625906893272,14.284540717223727,206.9117960088089,84.68834187530683,1
67.27808637737408,13.455086340201422,189.80487844179174,466.6931208844084,1
70.55461294854933,10.872647339348065,221.83849544753696,482.1320989198419,0
64.24503211288848,10.0760069563364,238.00511181510853,840.9087104029071,1
71.87849009172837,10.240062653436523,232.38946352939436,221.23869644606398,1
66.99680655040598,11.227035945460834,222.09659415274626,380.9912736683999,0
68.54153125103362,7.954414869603189,215.08363814367954,808.4057388936909,0
66.99146693885301,9.48524692515331,228.0712259663731,823.6236107489735,1
79.26139092254469,6.662831852244821,210.2645380029553,384.6110759787682,0
69.93251387631032,10.798446245210558,224.76357769356218,459.1240232866809,0
64.71144535522049,11.294391879405483,225.05470159166626,303.2858908492829,0
74.11272456051594,9.033627075401252,230.60209907498879,932.5548784193121,1
63.89578175014489,13.147973526580065,247.5966003891108,118.64376574158031,1
71.04431797502377,7.548468673995318,223.92415967178766,933.7494230014701,1
60.201649380601125,7.07125023958036,214.910363742925,683.8664518353432,0
63.359069755507846,10.448903637119944,219.74425687808005,531.5721526867312,0
70.98430617934562,12.094196605224308,202.30924095110882,32.65906078449588,1
73.69233289997705,13.367855382915737,213.05286868910943,475.5961918220083,1
70.85684140594985,9.08223147426212,215.90717561886896,407.7481050027323,0
69.4217585880588,12.157361666862592,214.75911602065406,161.21881197512255,1
68.49448152205356,9.922983060998586,221.52354872033723,656.4096035006569,0
62.60739004816286,9.65474540011836,211.775800676178,971.1509073682857,1
66.40077895802645,11.767319874973344,231.2103066732447,562.1888110645251,1
67.69680614520107,11.30464575682684,220.00207064918197,714.7532764439458,0
75.28561113109458,6.847215686031501,219.90699678861387,68.45045256601678,1
71.71809144784231,12.953080699451792,216.72105283487082,417.66699581699476,1
61.18479922318633,12.760182708294902,221.5519068385898,116.35848516449587,1
71.62041984697397,8.748874596980942,228.25098264667633,612.7958355365104,0
68.07458859791842,10.791607066874818,211.328697842891,938.4821582141545,1
66.6153899984702,10.988060372565478,213.41883510924742,661.7777324716385,0
73.05838144420434,10.521347531647814,216.96273971223334,76.80304831442153,0
75.15499761247976,8.89938969230916,206.54129076526786,354.66620498508286,1
74.65640059558099,8.656753264123896,211.80742140278502,550.6633794408515,0
65.80391238388681,9.94889185801711,215.2377912645534,403.2077561332522,0
68.45393812074393,12.345458038518728,228.74389180712728,833.6440104751723,1
71.65631715701782,11.087200309188864,222.62561329001926,814.6710047099892,1
74.8777256356118,9.258771335827788,221.93589911367545,611.8310201032215,0
67.60412881077355,11.543397421296689,228.5089796216797,373.4579451327053,0
69.07170511668092,4.302914758739849,218.62628211600602,255.33637376324413,0
64.46832512996986,12.297531400744207,223.9046484992889,105.87431821312931,1
64.01896687959665,6.5205724424438,218.96778247067505,354.89768348655406,0
74.06262911197099,9.275118117193736,222.6536234939963,413.1725172077195,0
76.78120014285412,7.760660210747712,214.17241342388417,675.8229251040736,1
69.63994939209833,7.410637048558188,195.6118284172357,658.1598242975734,0
75.01766448946012,12.32165357475704,218.65720837813697,70.10813964125695,1
71.80818012523817,9.064597597376217,234.2274813609994,395.2593154311578,1
66.77440122697438,10.69300776346143,229.26215402241593,181.77886721736192,0
71.80697802754207,9.906158842241632,229.6539748459117,156.81270531680568,0
77.69018283232984,10.954081654446243,232.36130721806217,827.3021497372459,1
69.82086980445024,10.153643782120511,220.88657590961438,41.91521671625753,1
77.82321827907003,7.434015551622861,221.97315707405596,419.18287590212134,1
56.901274479551276,11.99253363889428,213.8234810456565,168.20365576651818,0
74.10951252187611,9.012486833677375,216.83927143972952,879.330215678474,1
70.43523534119086,6.886836202680498,226.1577114977114,557.0405132750351,0
68.50496324767066,9.143769678068175,232.03884437168816,231.38063637684803,1
70.45880388267751,13.00151958126862,218.60553724319,502.4272871663764,1
60.06215542699554,11.700443484226986,215.49810735148588,731.4863597031158,1
68.90164056081244,9.302695731184281,220.00527958856597,958.1180089194338,1
71.78556285755873,9.301484591363142,226.01206748929116,220.44600424541895,0
77.38947022370758,9.356729897565234,205.5614518386646,886.1817721293452,1
67.40864890863176,14.153495967121682,197.03819046862762,934.3041141674903,1
65.95753198553406,10.763870904463106,214.49463150508416,916.4205445320662,1
67.49121478207732,10.86008329438214,207.79287574085842,635.4143568619098,0
74.57701058851038,12.060566908063684,214.9185980235269,629.8206544347076,1
71.64375554829843,10.477578318053027,218.5221968118253,403.2106331838228,0
67.3511989811648,9.481915708358594,215.46751590976987,752.3978823037879,0
72.56633716556678,9.607300301830044,234.52467534470745,531.2940183509319,1
70.4853877467402,9.856797481171872,223.26744764602321,677.4380712282945,1
74.84322495266444,9.925555526980316,223.00474359610828,428.45790384879547,0
66.48973453061323,11.45525908727396,226.222071440434,731.4964640431391,0
68.36168926701116,10.103891771614599,208.6116688221923,824.471517604549,1
68.0394592343392,11.46528015443116,230.39111787420268,146.43625660281612,1
62.68242525933941,9.838566839782835,219.2423571346454,832.929715574228,1
71.48060138532288,10.15727038063218,226.70480617241213,540.2965317903072,0
71.30527636089944,6.003598630935785,209.28142766959846,844.6659090902243,1
70.02556728321231,11.832655349404963,204.46241233983935,431.3017063410146,0
68.82706433312427,10.692976951795986,228.1788965802503,379.04048538303505,0
62.923146289747926,11.996020219719304,223.76409526097515,915.0607325172224,1
67.89677338617321,4.207489243612621,210.9794844564249,251.1692675484013,0
68.28642741736616,14.176749409561456,211.30336918725305,844.2123252861431,1
65.9886136538919,9.720820743689652,231.2543478441477,484.02057250940413,1
69.19357144166996,12.216365633475032,208.10588107132673,514.0954425512597,0
72.02025428407269,7.920188145748938,236.42672953255965,308.468281489484,1
79.43092950605265,11.22554781012514,210.99379265352133,573.0422006190157,1
70.8728890641592,7.893168873652687,226.38391925608383,325.2111962762113,0
71.28775195361382,8.75246207860839,216.71381524251015,39.26941424165231,0
69.62777042116916,13.828062707733572,226.03187431082344,271.99860534435606,1
60.40614392350479,9.618635198473307,214.55885997885807,6.379043406590679,0
69.86743062275391,10.434865746359446,218.37207093927705,978.3547870568566,1
70.30115104970513,11.740135461377509,220.4091917539572,965.7472098197475,1
82.31621056242643,10.99136377594521,209.97812544218527,395.15529747230505,1
69.03819517609439,10.300837810287153,227.40824345420125,728.370854339646,0
71.50773671166806,10.729922004932451,214.86786433528414,345.80609841042497,0
69.82644115147379,14.80683117047655,217.71400084659982,671.093157085976,0
64.15660981190234,9.884762405932829,210.05650625391488,805.4300430459791,1
75.7141140725751,10.402198093429934,194.3766634120469,946.7562446922408,1
73.75966516343387,12.101308792015224,218.0897223739983,400.212275849672,1
73.95515973521523,12.211051865915968,244.12615421612915,783.2979829560477,1
65.4530627260263,12.374060611120761,227.84604287898023,265.92845063211877,1
77.0139715546805,11.27746044405837,219.80739620265607,990.3323037936483,1
62.990744686038596,7.713990174539033,217.37109170791732,25.769598764351144,0
72.93428546900135,13.266863064602191,220.22465892812048,603.5288065011209,1
80.95227812904989,7.707309213962624,225.4711911517521,659.5059816513271,1
65.04731837434656,10.605270930478067,208.19187184691154,688.0455570741289,0
67.16851135198614,8.491448299961284,231.1432169466887,120.387578789089,1
70.4982568254382,9.871723306814015,227.15381315441243,938.5297834731305,1
67.48262172941901,10.65752482060696,227.18185725707934,181.1832790500828,0
62.24668284466934,10.642714430900547,224.38475738809728,622.7534032398411,0
70.34281487403014,10.84384150847057,220.1961665769399,222.67607912308495,0
64.68848143136948,13.227422538117294,226.7286123596682,307.2164170212709,1
72.36796215317591,10.907068603027959,225.91814133741377,546.4585417281244,0
65.40287882883098,9.511686729418702,216.45959289058976,417.19341856457646,0
77.7496720250877,11.928174336576715,214.26398227103098,160.22560097650629,1
66.08373353831881,12.37894097784928,221.01856295261987,170.93640242084828,1
68.38969241897162,7.544784369726015,235.49020151495188,418.14478816279967,1
74.06758608684835,11.194800139699716,207.60892924346098,757.2829782755007,1
63.84567841783022,11.402345484621797,205.3247473424756,897.9646468477886,1
71.13729967302065,9.404872993280016,221.64760841236517,84.12766225938284,0
76.53571377141213,12.75141362662324,220.50887701856018,393.1039075594011,1
61.96258382719386,9.699888825934947,221.7334166437041,100.24556372287662,0
70.92316929266153,10.251152906943085,222.439531979085,16.592480632597884,0
71.29941397124212,9.65385635143226,217.76797745365195,661.7186826439566,0
73.90911435888655,10.031158095162935,234.89863438602083,602.4494419665878,1
63.81524644560959,7.807449826209597,203.99096021523485,163.0191138148862,0
63.39771693457862,7.119898234811411,211.71502975219755,233.8128330930641,0
72.60970782808448,13.189010126449944,218.96745239850952,23.70775364451838,1
71.48492336616593,8.306077303363345,203.56811188845833,834.9472056944037,1
71.25246425172938,8.017215301087386,218.2414559556793,974.6905960485515,1
71.73224104748488,5.69321977279257,236.6147016572802,135.4595367946908,1
66.59987639210755,8.722076504620995,220.20886488295963,231.47521376529812,0
71.16126848580502,7.353820413185003,222.30700905718683,868.4095239469341,1
71.46536236649341,13.284030320272738,207.3983523482742,926.4637979561849,1
66.42824290986816,12.01963417868527,213.83638591960522,419.6273828068103,1
79.32887255572378,8.623699309644552,216.24803619676064,50.62247226907412,1
72.36916460455893,14.504871610688618,216.82284903243766,39.391833692819404,1
64.04348251398676,11.963530973983188,232.81643795003768,573.9498660690105,1
73.28276804316914,9.350337232982755,225.57691060725125,392.89510889317904,0
65.1265916488634,5.001188570252854,208.88542043062967,28.652427577654514,0
73.93542301871226,14.581885145181484,222.46504778432003,583.2523923125568,1
75.79297789503703,7.220855066472808,224.98221748496786,11.302536589022472,1
65.89658840824144,6.709202506086216,231.40149038521267,787.3719581492729,1
74.8168806462216,12.045140864019281,235.80540686568372,306.4328227033716,1
72.06390463468249,14.879504812678546,209.84905808172132,40.2580030092321,1
74.11030079997245,12.768545637021036,211.89142488789662,588.3522209831533,1
79.48396491326974,11.12781824010472,207.42422141085385,397.6844144330547,1
68.77305941998564,11.189508683330573,217.65980140893018,973.8004133571495,1
66.23131917821256,11.706831117560615,224.66358374446335,544.1986625037022,0
65.55242785187238,11.51785717957353,229.873345165891,275.2391810370083,0
65.92094857517282,10.562382847938752,219.24048976357477,709.4388646339747,0
69.61449145292949,10.208402207903752,216.80152476745155,271.4920025427113,0
71.70575987408321,9.874813744200955,221.5175799224874,904.2432914075652,1
71.38345399665009,8.492070822266648,211.64857098369976,374.72197050737645,0
74.13591624518011,9.438649846266452,240.89538721694774,549.8685627762052,0
70.06500945938953,6.614086371609229,203.92338972881942,50.57310382422886,0
77.26767038578659,9.8033207464105,221.84740578895725,426.1212379522308,1
68.67671583381022,8.022817785698166,240.2360621922964,832.363539660995,1
83.6008458329481,7.792821365568458,220.06799844559998,805.6488053633419,1
73.12833673882503,10.359788302306956,218.09960964998507,224.31855885352624,0
65.71421221791859,12.784004572689199,216.42554577189574,226.07907101056267,1
64.64553750969444,11.836633212004626,218.19608318237593,817.3053122132368,1
72.41236207621593,6.8589987927536455,233.7284847467653,930.3984201693255,1
68.88268607337075,8.020743726859324,197.88138088670493,95.36092127300356,0
73.57000247046047,11.881542375976432,235.33433701296326,450.0586394262253,1
72.36618812286773,8.035025212923381,205.76042847549854,337.454278964229,0
69.63585543671563,9.550733700005951,217.33347670765585,870.6884554574393,1
65.76603140965797,11.100104198049104,215.70755579701338,83.52491468001877,0
62.42576387657068,8.06331109027273,225.8855326977072,211.1259425580374,0
67.76742523966489,10.21075101229192,204.0187564811625,752.4683375864944,0
74.28199397161737,7.331949010163591,224.62172666081943,51.29384898121558,0
71.07046872065102,8.797264712097572,240.24309623286854,492.53538071428926,1
63.77130610644006,10.639563868285073,206.3682599540719,442.10703467972,0
70.86590462925591,6.814012532936662,221.89706167610396,334.40117898874865,0
71.92658689864419,10.880949475920797,213.38017822203392,394.57231531892376,0
65.58071281899433,9.960724402146637,224.25887206193036,529.9405869302329,1
70.76862552972764,11.104979908834295,220.19147777415753,161.3673583883831,0
70.29104359223,10.447828268129323,213.5851309095569,571.9958782835928,0
64.28514851084688,12.728280859947688,224.87872284871074,805.4323292999863,1
71.78893680174141,10.250449005295815,238.04348109786744,760.160929790159,1
72.80392263184117,9.141188917749494,218.090962082727,153.8999046937737,1
75.41525621587638,10.244595006064568,227.1975794214818,149.24946974147392,1
75.26901026017451,11.086596058072775,207.06727042128836,268.1743677449133,1
63.111653160214544,10.09772014065141,210.4356362318199,361.0747263410372,0
65.31087480042439,10.081183382407765,224.72406277880378,408.4555814084826,0
72.5751763360433,8.59601662438649,234.84116028535965,679.6972168333452,1
72.56892975456104,8.674198164898105,223.5561334878566,56.680432165835406,0
72.57523843153024,7.194789456400613,216.86941969476845,34.67270422606639,1
89.26365745327361,13.499153486373878,219.99291405423355,391.91056294390904,1
72.85445255346583,7.512273529217429,207.49592266030282,697.1636921379804,0
75.677828200903,8.614189604408185,226.04515326355366,193.43534295648257,1
74.770008817466,8.563185468861604,228.82333062323409,641.5044812562517,0
73.256956256529,11.789848753888883,215.4790966716692,259.8281379402995,1
68.42365377679828,9.410100643415944,215.299578522405,886.0861088135164,1
73.79484610246634,12.495484145347469,222.65878229652049,895.6899442666165,1
66.13587392731215,8.653018751512263,215.63280263959405,297.28720428132647,0
68.81590696629996,10.557988324447605,219.33867385374177,229.99375396324052,1
67.57318226085448,8.329305893480486,240.99721789166514,411.30397206623127,1
70.40937069693162,14.290298255546777,217.52974299254004,240.5315851801487,1
81.57329283336755,7.624803161940974,216.41659847978778,672.3838432917037,1
60.66367403704126,10.619641420454055,213.5245819436484,826.0646845482855,1
73.43130095187257,11.267553761864196,227.44191971499936,673.092130911217,0
61.93642064405174,10.827598194902997,218.18775826781896,824.3504472493495,1
67.64034067105283,9.629424682244583,213.50626961678574,396.9921622074741,0
75.44475298483682,9.740358600533147,233.2130403227301,156.31697070886085,1
70.32140009547732,10.08762294395822,234.19603004513638,737.9509473975921,1
64.61127611035347,9.705995996743022,213.99576434261294,360.4745051415539,0
66.42348145370016,11.92775823358982,201.33460048639384,671.2708252291325,0
73.39798874467338,14.421046003182703,230.0751368983692,270.6439419817657,1
66.34816684141431,8.885016429984333,213.15370174239996,81.22963480667266,0
71.08229294790988,7.260394040841844,227.9062559916277,992.5817954877634,1
70.22785919951907,9.82343590329749,200.29896182288164,156.2015079305993,0
66.74199826197092,15.159418675308636,228.9259733829931,988.420993963481,1
80.71972044662662,8.392650864060538,207.8882807071922,977.2799325664473,1
73.16959511159006,13.278233610888135,227.30764119066524,793.8181039080397,1
59.874287066711965,13.355401628152881,220.14273067836433,659.4229620819975,0
70.93227157384713,8.892823516584011,210.46060580603356,577.8070502510847,0
66.69106767615806,11.137966158370551,215.9296368707322,866.1015453778347,1
74.26216667398111,13.256793246257075,226.863184569567,289.43952161948795,1
66.0373963078365,9.241744518025026,221.05894453115235,467.68121248487705,0
69.4263177926655,9.592839279795276,225.84412980472484,619.3899693665019,0
72.52493639490228,8.836638172102713,239.76440584515484,411.1904758694911,1
74.32877597085061,7.970486538614266,204.3575838828895,427.48645409026796,0
63.99851796472112,8.701444909867986,236.17212574968624,330.2846675020844,1
68.32749382079525,7.552119466475487,221.04355937523212,564.231816684536,0
67.62527344419522,10.068166936518452,211.01215951676872,850.574528015116,1
66.73335383713145,8.460053537882716,206.6968637426101,201.52837800631283,0
78.82727120140548,10.467571823581496,218.10879609222965,934.4330387534415,1
72.02490855480478,6.888208707592746,229.21650111924458,689.0876537482296,0
63.69558022832477,10.661760464428914,218.72450879622465,823.2732126800302,1
74.58930973527389,11.667057923217849,235.11154930247346,556.1906926300117,1
80.61078098506317,6.012528714857089,205.4882430994844,779.5167014240635,1
75.16232630275573,10.748113139695144,219.87911052153945,16.20039733946721,1
62.403150170229935,12.455337984946585,207.47606555586881,818.3804247795352,1
67.57882963566874,7.580717962617589,223.6363188262497,40.13885908536652,0
76.33455574593312,13.345144773675408,228.868873900973,889.9133763628626,1
66.4616526719061,10.83803801873209,215.79238206318948,991.9627472386433,1
72.21909714073114,8.589976288483182,193.95786143372865,294.06746217677784,0
73.87317026714669,9.888461844684588,221.98948146796494,210.31855628579365,0
65.36534764210958,11.116653825043445,224.3673855173351,765.3633638580407,0
69.702373219691,10.152010782824822,224.04294754961697,253.02634092025323,0
53.79366329965464,11.077511984892737,232.35782191822153,865.5623831722035,1
64.87806179332856,8.158652813841268,209.2894632035095,102.8425921574767,0
68.7371592430342,10.338721648072156,226.8021610545045,125.95519637935826,0
63.76108409017575,7.17257100619004,231.92507512477974,979.1515551006156,1
78.16205651965818,9.777547877302599,202.21412415993484,673.8388982700046,1
62.84929311019684,8.19218471707042,223.19651825918976,846.8872244289528,1
67.79977756651508,8.528940114820466,214.95820168992327,324.329377351518,0
70.65370288643045,12.472186350420875,219.18477326898355,676.4837495206044,1
77.20636644533057,12.182620241188538,223.47676483538336,594.2418273085972,1
62.8206892441028,11.218276241814355,215.12771435886447,603.150120122947,0
75.8158187607748,7.815374470654842,213.24291920838388,682.5324595377216,1
70.05116530509794,9.367183100610395,220.34152417488025,575.3591731290986,0
65.09245674476024,12.426195399958367,209.12754061137198,429.06236930266596,1
72.31051737131635,10.28343382727981,209.14174871114815,275.92269438054683,1
70.99529847786735,14.63865907996339,226.79373282956504,768.581330913202,1
66.99891561420603,10.786635678788743,208.51205964841344,226.2724300031862,0
70.3490104249501,10.384098232980064,226.6631250090921,692.3543061544142,0
68.0734320156912,9.381767071594997,224.62591292853952,233.33282264932663,0
70.56758672625624,10.267081809564564,202.74193271209404,625.3301699544539,0
73.31065337260523,9.695060327238913,213.22435347664344,747.078267129029,0
77.93008408072676,11.416217353377181,231.94109403047372,218.7138889065392,1
63.810922505865754,11.913404633589169,210.1883446886032,59.94330086130828,0
80.66516687328134,8.4280210789841,215.35595737690613,130.97374299417407,0
60.23956100238749,7.337534092884444,224.62060893251896,605.9969672710255,0
69.24107452482208,6.327589253793407,227.83390509282594,849.4464062257355,1
72.94158603242288,11.015982653825088,217.48461113955506,44.99682123542436,0
71.40495933867517,7.793266787652253,214.02489805308358,734.1512590416462,0
66.88650240089703,5.694218814095034,234.22369861698508,341.31864595005214,1
68.95938874821363,10.777157209061928,237.3889966379758,478.5283699195225,1
67.53499532670584,14.985999034865582,229.78858050781795,928.8595498455657,1
67.05317621527894,9.987858176920213,220.85318142565023,331.9715047358455,0
74.24801048510513,11.676981548903283,211.91734278359073,465.3369339394861,0
71.78507742982524,10.16365871709513,211.69555593443434,13.682414760681105,0
66.53545202369673,9.802220693617715,225.22514105265756,81.59872000483837,0
74.49799937716625,11.838152965975537,224.18398220888685,258.59159113478404,0
71.53649760438304,9.419450911622697,234.0159859294643,27.852240821074403,1
74.06431059419481,10.534784628143806,226.50450092536138,631.3753260482509,0
73.14814420961807,10.643395612392027,204.96919698240183,426.3983568016225,0
65.85502494538964,8.663819092713902,230.5194761772292,548.145202728022,1
67.19909479901516,11.984084699073046,210.01939372685587,174.64718589632955,0
73.7364680256163,9.650080486609182,216.1602872804765,295.9320294366161,0
73.05185132716733,8.48850968101431,222.50200206251694,663.8244748527251,0
69.89549203017926,11.073019687140807,239.95667489783963,965.3027236303998,1
70.58663691654391,8.203064036417926,251.0991855600536,50.4167736022092,1
76.38832447894212,10.056362314738257,226.06723059136183,890.3843208552661,1
67.04214305582084,9.981762006711593,218.16803381279612,576.8812013112084,0
72.7354869058502,12.171791131663156,225.3450564848055,563.9195667556237,1
68.98903673783053,10.949396465759905,228.87655425873837,500.27853520776034,0
68.9115939838639,9.949946082509712,216.79332374442808,69.39408590418338,0
75.49388425993595,11.635532598400575,237.95211355912323,89.87685173616067,1
74.12708174494014,12.780415098034627,222.30070759191403,600.912005659086,1
74.06754818000319,11.115620612703724,224.97743089091395,340.9585714355583,0
76.52739403577165,10.02070523968676,226.6592425205446,917.2680665776807,1
70.1050192081638,7.376327535299681,224.21586610614455,406.59053735947225,0
73.40976485647482,7.869772673849255,228.38940500469613,143.2814587026411,0
68.44866621703272,9.389550591290664,213.82746813453076,714.718833502036,0
71.62083176244221,8.780975595681433,214.41698246053969,293.35342144100986,1
69.34928472816158,9.626057394029107,208.99845767028305,525.4703073558932,0
70.48497982496359,10.113299849794215,224.39501230620226,697.83278550517,0
72.97578512718457,11.059385508713461,227.78936503512114,900.2641112020704,1
65.90889658383264,9.859002443881817,224.57772866151885,792.1911948016761,0
80.4619363784273,10.973003287652404,236.74492433347538,676.3610678727241,1
64.96991309250149,10.12894882962024,219.94403981170953,679.6331823951435,0
63.92905693606134,6.049066867292257,226.68741655592513,945.9246440320866,1
75.79055436750033,8.121329212362491,209.08299123860687,295.82409749653607,1
73.95831346981468,9.71182488855677,216.129002975256,1.1120941961874076,0
73.12059908526078,7.580610514317785,226.95537757565776,271.9545593981987,0
73.1417275463214,11.199857459992408,228.49102110743144,217.891379626744,0
69.93876613576543,13.061501664687395,217.06033052335818,661.8345851139982,1
65.51372814257084,12.437523703394634,219.28400748141934,633.7115997655291,1
70.37902279096863,9.573114258139585,204.8212625331919,593.4613827047239,0
66.61419144243945,12.981452273699905,216.4297079919339,16.2434432094537,1
74.87559866708875,10.297334914404223,228.90383163519786,728.7780544506475,0
69.2647130924893,9.325828057763921,225.75205016106565,323.5304124854915,0
65.87251401603744,8.77319467291812,225.0066572138121,665.0559890066311,0
68.39307079173503,9.395060627023744,220.4977368718096,556.5784285021533,0
72.06465727137812,9.223646362917542,220.07063158628176,342.73092542790715,0
67.18137723598012,10.340832444750976,213.39678860526553,134.57626710410776,0
65.88889802216784,10.32114796209973,226.98828420202534,94.41889766048095,0
71.21843605745956,10.006092040306829,224.2097294438939,831.5183331122236,1
71.22483285554361,10.8738763394927,224.920188479928,918.397542081558,1
67.46528412314436,12.381292549572683,214.7396515733242,649.7880467642996,1
67.64480847190839,11.899108270882648,198.46657080128756,103.43411486048338,0
71.16024968678818,7.030204063100193,230.97152711753697,402.02721688824073,1
62.75957829251338,4.89215773019609,215.21162543991596,728.9392001051572,0
62.962681128117225,11.868639822478547,211.3722423595688,779.8208840100681,0
66.40777889373783,7.266242603169157,226.93478911913994,118.2186222910886,0
68.93276424144076,9.550469196214634,216.0798736008087,0.03071884538241587,0
71.55453782799002,7.6597739478812805,230.59936384046622,712.137045880605,1
77.37678108474776,6.396039124839961,226.17005949576696,356.59617598620565,1
74.2882981160101,11.082925456409576,226.8356932320048,254.48133161826024,0
69.20030735018287,11.518310320605293,206.34044288799467,12.89746978952544,0
69.90491896048655,8.846979198546562,232.119439853864,540.2994067614997,1
64.98735317681096,4.81791541571018,222.61250531233856,851.1507354259818,1
69.90743432003805,8.907511103495034,216.30722860753798,957.6316462725879,1
68.5567068053993,10.783608010805093,221.4338846734225,565.7449506132892,0
71.61359280169044,7.0421768624517425,202.23764767101682,514.4613277398942,0
65.86384528223839,10.36671983955831,224.0865281148067,85.05638548924111,0
72.59673257120586,9.96938030165401,209.70628491817928,548.8728015425997,0
77.66369456501289,11.158582999202176,206.47329714156464,379.97907896539465,1
69.45619925771571,10.239160736828307,204.77640813782108,607.1352808835769,1
72.0085586104947,8.05386211823689,231.12688374989926,388.7263478765467,1
73.45071995855557,12.393143003328984,213.7073660630721,240.29912345036675,1
67.99389764057082,9.68294085394606,235.337277099165,94.9652752283765,1
71.12046240905208,9.945390920980136,214.64198536947703,314.91844458889574,1
70.06296200390898,8.133464081853608,202.92642042407053,96.64483428775227,0
70.48838049274416,9.11343549761698,208.8347556005134,176.89695082398393,0
66.13495108072267,8.230394571946198,232.3581162000694,987.3361585795459,1
70.12255087129472,9.654107880153154,218.44101822063334,444.1035569066186,0
72.48999145622724,13.423416960284687,214.51712703509398,531.8717665050166,1
77.2557180389752,7.256197714137287,221.60018225852787,873.6185287372153,0
74.79635413042604,6.772877204246518,225.01782736167544,995.5689004906878,1
80.76591228755778,12.942340654987216,231.17398815902462,582.7144493446815,1
66.16326218555976,9.581352645696267,234.48499229892926,812.4738210441717,1
74.36160318360339,8.661854522680168,216.40231354210914,326.94102433667524,0
70.91671002869175,12.079809374792152,206.73952313917962,305.7439574472911,1
80.94901466608836,8.788768920526271,215.86534838876725,402.7037209945602,1
65.95850857322424,13.652019427093872,222.60280506582887,672.5072626736492,1
65.80139078909612,11.355851742678539,210.3624107378939,682.1916892550987,0
67.0030367727799,9.024177183708595,210.42849085104956,315.2394346494508,0
59.380521378450965,14.314616426531007,223.43787881549886,133.2099241366287,1
67.3712248915962,8.788570153993323,219.5134764842955,632.3962564655086,0
66.20433669223151,11.484190744018614,220.32796995411587,128.32586218876452,0
70.75196893238103,10.598585160812984,212.4150466529993,578.49250822933,0
71.70877987888579,12.603482578797596,217.69599285794231,693.422128056309,1
79.38085419607943,13.123022393453706,210.75766855731695,700.6114963944516,1
74.75211919093024,10.064008298131533,228.90198411124786,753.4721106595968,0
67.11548172168798,8.493164259307633,230.35249334723753,872.8594215656645,1
65.50792664325822,10.919944285878232,201.53812137761906,499.9589919647884,0
72.45959585753253,8.644569260495787,210.7048913980759,730.2491895295711,0
63.39883396489679,14.026774495053246,205.03470744909922,619.1727353658367,1
79.15729382927177,10.273070662165475,213.49976065593103,186.63993979768256,1
75.89720060360644,9.269356897375783,219.16562030209639,25.68964486940817,1
67.65412173947648,10.369360611729817,205.5035478030147,284.54138567693377,0
61.434327354545616,7.305747420940607,210.78140186874685,443.0337063376194,0
76.76936187082707,8.056771922978697,209.96042627918501,617.1059444286562,1
69.42730077373692,12.400827815888851,222.07267329398945,849.9593305032054,1
76.1890815598673,8.686211442057209,220.6934433703625,196.24571670616564,1
62.02786170602816,7.90617803463612,212.78262446662745,125.54978989847709,1
67.00312488523113,11.073305505054572,221.768208721394,963.4799474743276,1
70.02621849859092,12.371408309325993,214.53319915412735,108.04455937640711,1
70.2349029688237,11.437906621330134,217.28344889673946,478.49107010718916,0
67.74967264260378,11.992095371611633,236.73452090298537,585.5637287933018,1
73.11424966173749,8.486409822861079,233.40461051790348,541.3744209074382,1
64.66189785308703,7.1563786665163125,207.00418763072403,86.0321570329432,0
69.28810257489353,13.002667303910973,228.29732417879174,57.02691400361937,1
70.60147815855949,9.354640322315728,228.1139655449159,105.48342746103567,0
72.57219417029374,9.498333967089906,208.5173671124738,585.5876838726125,0
73.55807439044445,12.656388283698115,228.18777643754862,544.3448876343211,1
64.37678954081065,11.11246001880132,235.37931918412554,233.74079203674424,1
62.329429146321885,10.911775544163214,208.77455193755586,637.7741418455915,0
76.38838410949255,14.330004689802168,210.82497178985736,820.0675020556494,1
71.66157005989795,8.712963539239714,230.17661466843504,41.57895984659377,1
66.25756731721724,11.855680256162474,222.71495310825648,498.12994354804243,0
77.75575987761262,10.114026249794168,225.51476275239523,689.3104121026903,1
70.57837317146429,10.537184557726514,223.40589216400497,252.31192706968707,0
75.89648592031914,13.056936852825064,223.90695920928144,307.7709052931491,1
70.33759240705055,11.015671512579248,206.73527871688918,613.6379029893839,0
80.30373962440993,11.076592158099267,230.47317706621448,897.9352934437369,1
78.77670421221602,12.145014674619604,231.69589992427774,809.9244203028993,1
68.75517925760464,9.27009454091423,217.70609255931973,583.1302190995835,0
74.85785475477178,8.321580665321987,219.56523050186138,730.2217177572492,0
73.22687974792574,7.910381611957932,204.68892497444278,364.8224702077987,1
76.84315778766174,6.067286821247997,225.14254756017834,640.9655280987578,1
65.17538269709948,14.112414259880644,225.72057441714145,466.181591127557,1
73.43025729999219,7.793583268556634,219.3780898300069,189.9361364575609,0
75.29212243424794,9.557492752828455,231.24353359870503,701.7382738772571,1
61.20630256788443,9.446373400222159,216.6592276902006,556.4646373488221,0
64.08370743667112,10.614813395618201,225.646059258936,358.6215819535914,0
59.803839111199494,11.631474425078594,209.80335661307885,911.3391900786307,1
68.65296582777721,11.72094697671949,219.76447849125762,20.934117826733267,0
73.58771127897981,8.833845122862122,218.25645742097163,315.773151249496,0
77.51178526048014,9.665756572427178,222.2530792204094,56.881397777646555,1
70.37047390209888,10.5651599009766,216.30473071166642,766.5273162216272,0
78.14307772785646,9.502617747632906,218.68527404328333,702.1074541137926,1
63.099492708925546,13.214691152039986,228.26047171441508,331.352218736317,1
61.48308780322422,10.981949903276503,215.63235762761784,675.662902207073,0
69.72226150551691,11.469755572099634,203.9342289926132,395.93722619594985,0
71.92032724469654,11.325762537334825,237.4958390420542,756.2537914224343,1
69.83652625952953,12.34694771497065,233.81454078690487,454.1836627367061,1
59.66278949980062,10.362043117407413,207.07737304894383,412.2797278316656,0
69.55439980243605,7.406336104088307,226.89707805245195,934.729915488301,1
63.47765249747573,10.799375903505283,214.97025229448656,250.87909989070022,0
73.3483627441502,8.697286212416342,222.6348721533106,120.44733999656543,1
71.83299123048424,8.942766636500487,222.94224129013494,584.5431132594582,0
65.30060106836322,11.172728037510186,217.65592199683678,969.3218122841789,1
67.43066541331653,12.476566142867272,212.16234334413605,377.83921372718663,1
64.70393239055524,10.042543153472124,213.0945894768374,62.03676362878152,0
69.68660451363414,10.617666025197927,210.83808084518756,339.30526730956745,0
74.77571160250619,13.404429889270476,211.68177791769554,505.93165431955845,1
65.07136976832228,10.481506358977137,219.32821709950645,161.9230066322137,0
72.52023257758923,15.203366228360789,212.8424001088925,658.102218056492,1
67.3487119081378,11.131019291263089,226.8205206571262,997.7493890102006,1
66.03563583868828,6.478474481688364,234.87246155335927,451.73947598144383,1
69.46484820022721,11.506683242209064,214.19946758629956,354.72855673021263,0
64.82378838790314,10.762316769765555,222.39404500535377,400.70416683446666,0
67.23175347326409,12.579505508165491,224.99685110302934,115.14617839520113,1
64.01061053705575,11.346362702539917,224.72002270919273,883.2736014262238,1
79.82362566458195,9.723088032032452,220.75955267916086,414.82565552135196,1
70.17631775985865,7.551403527421268,227.42682418359723,387.27441142484133,0
66.50137246003708,9.581953485427949,224.82248952680658,659.6902729304743,0
71.0698995536711,8.2989590915814,207.62337577672702,442.03342093112354,0
69.43835975154585,8.838953100390555,228.69156064389273,648.2334688078461,0
68.89515200233389,11.17715680884122,228.8729083726674,61.4462901307875,1
73.07083350021712,13.339809008702812,212.36713895821418,813.7233437222275,1
73.78753855023652,10.789343059645962,220.37937835447602,940.5039528794026,1
67.34749426194736,7.608233875929631,226.8332899281107,648.7653861593859,0
67.1209087967766,10.88920533644028,217.9068618042064,954.5659288588107,0
68.62474151424178,12.393262973291302,230.7297804776601,151.4323143699633,1
58.49039417632208,8.780434191361236,243.6387249461936,477.4161894803537,1
62.42404468900724,9.731965666654165,212.14013967365017,601.8067339454473,0
76.83437133722262,10.029376389458394,206.18955396846226,581.7366474211867,1
78.22483856750642,8.43020337383552,223.03818595604875,401.46177908904326,1
68.75481980221811,11.296560867687718,227.21562505126144,338.0844093662614,0
72.88278481527882,9.758103702784437,217.69133626155232,126.8240225504188,0
71.55625077271768,10.839064887814056,234.53260663321035,391.7424505622782,1
85.3944040422762,8.2250156443958,206.61394200276752,162.66081510548514,1
75.59787455717289,9.12508339935318,226.9291862303161,734.3656764922184,1
69.36041204259617,11.444762715655543,213.94139179241105,208.83093549458997,0
65.22229779699788,9.254333695816467,237.19377906207296,58.56530528453385,1
61.96776839871214,13.45392770246681,239.9251535316812,552.3661378172343,1
71.01731817933612,9.200727628770796,212.33343412216652,595.2297327194016,0
66.21824627357849,10.449369451503772,214.5044286409142,871.9130612805055,1
62.888731452011626,11.86518166374618,228.595878869798,576.9816124176818,0
66.76713557878736,7.163268534133937,216.12869350210485,345.4808537234457,0
64.59225998192802,6.478382376038448,219.54588782067762,803.0118815263205,1
78.43570817536282,6.94868737085981,220.2538842054241,540.2788931874211,1
74.40819878474726,12.525168206854364,200.80326843802345,79.28028463119175,1
69.96013679341691,8.896283708215107,219.86162253905763,565.8505603132467,0
77.39972069445012,15.116398571336504,213.10272225935827,908.0185454216623,1
70.38684153823809,8.871504802685223,215.06877177600228,396.31262549822054,0
65.69357899335868,10.369102606394074,234.43632003468815,296.32580189980007,1
77.61562038634828,13.08421990513575,207.43493105720745,143.46945701802005,1
72.69455021842329,14.012185776318246,228.13205186747976,151.4455219353573,1
64.81376922836772,14.123007153272795,217.2103706966819,432.7714843418189,1
69.04830660958196,12.416732461186285,217.20239831504165,595.6798241615295,1
65.62190873307621,12.048125051622925,227.90371896051712,80.61540516960176,1
63.08600134517832,11.185053898402366,223.40051294568892,939.5685890251657,1
74.63088773765821,11.556722152333275,225.7061299721953,755.1336174451959,0
79.54708320235065,8.897628567342933,229.68184660532862,586.6239182836626,0
63.00716213090429,8.363602233155385,216.68691616816676,828.4386709389909,1
72.81484618345286,9.993251085178096,213.8776326549225,80.18675681211329,0
66.74678715439086,9.659630754950143,209.14849473442203,476.8388777331244,0
67.56437308117651,9.09354390134545,211.74589470021044,630.0931268616634,0
67.03803037880566,11.39277489491343,249.49094425308726,828.6529061182893,1
65.68004615160092,11.910610417141022,232.44679580736786,783.4695600492677,1
70.24260813972414,10.176813772583694,206.48925633791978,277.06924971339964,0
65.84524941794481,12.955060162110524,206.7754204325643,940.8801695592043,1
71.3522841288992,7.71662177173299,224.81866061718492,124.34584143087035,0
69.74880945275432,9.612681081440563,225.47264797377966,875.1336186211521,1
68.80525976566796,8.56635535879439,225.48883835317363,970.9402496046185,1
65.462181689792,6.26692676585388,217.45044206446303,177.15352322262555,0
67.11614334715834,9.834638628314602,218.745457399971,722.0660642037852,0
73.77695612912878,9.756504983233432,223.27879524159357,40.28551877799846,0
72.5045859381219,13.026899486484261,220.8589300629333,405.42282513915495,1
65.11222377600724,11.261623369109556,197.80699627252466,516.2832991976741,0
70.49666152714613,7.95162635134159,217.70200369424805,580.6452259096341,0
73.75693561685894,13.708185132668376,211.48593565739685,935.9372482485595,1
61.652973594393146,12.442067391050706,221.75211418908512,672.2506872941947,1
72.71680096189968,11.164195406937232,249.8525900260341,481.277951219237,1
66.68688120527077,9.547031802300337,223.67481665474304,809.6750362658893,1
72.8529933429658,8.08112152655304,216.864703138276,950.532820954409,1
66.18370421728741,9.255586447857894,229.2180150197725,22.066148682290844,0
60.9755894966774,12.177497239408371,224.82687887209212,982.5212722560387,1
61.862287810584185,13.769172611869218,224.20094490451842,86.13213906368034,1
70.24042473330691,13.086487056544378,226.0685059321567,814.3867792687613,1
71.2986125086074,9.022301156427451,240.56543564829542,280.33475255141246,1
65.47841687447796,7.760765133421978,208.69111564674085,132.17965775387174,0
73.19296229388686,10.281772493822407,224.73632076811455,439.8556397138349,0
61.6923996886552,6.463121268874296,210.7361887001846,643.9565794476135,0
69.66960100676341,10.646335428369563,225.55512646342248,380.951845023475,1
63.94491900118771,9.704794827402663,210.81313488513905,54.565408282698954,0
66.7408194609892,9.067926996263516,215.82633186394915,599.4611396587167,0
70.23699335658208,6.810593865466409,217.04910085762094,902.4032761106747,1
65.69793317358024,11.027200213139434,229.7581671934471,383.2153659472517,0
68.07722227885087,8.934598320676177,229.18454443942414,216.33277763082702,0
75.0314640460722,7.6601663285794235,207.54282623553615,442.5773459328154,0
67.11554065238425,4.255475573436701,220.5493411099985,48.362711048780874,0
74.1784605603257,9.944970189898727,212.90420145250826,820.4875844802748,1
64.35146572671191,13.544503193339487,207.41495089324667,826.3408109501868,1
72.64902088957642,13.32251842909574,217.8298294957563,588.0004634296284,1
77.2078431032895,9.085807486827456,216.9151721154418,353.10288893838947,1
57.641777499363556,8.79557587927644,244.26716486345524,799.7833644457834,1
66.01552372264761,10.937548512150048,224.32959825360697,554.6870247883671,0
72.8853606359027,8.003229121623416,206.22382499245762,825.9323085500162,1
68.98477306978504,10.603583799638931,214.35225995829057,631.4587925830206,0
71.85572936685655,11.53216055676938,230.213832954294,784.4054732127973,1
66.9800740664209,12.453866447768615,240.88442772869925,598.56299321776,1
70.4329489373645,9.799691847040094,204.1401668776204,414.1410682156662,0
69.2216138230396,9.592652499646068,201.20075614860954,957.9458599261376,1
75.83891030829903,8.244034826486878,238.70965175371782,541.1138248788448,1
71.27210421650607,8.34623929192028,223.89614177370905,605.0895185405384,0
71.68801331037601,9.547042216196946,211.31707268123634,220.48763941474925,0
67.94061516938767,10.734731013632356,225.34629086122436,625.6507894272764,0
67.56196887963753,11.827169252466499,193.64252260983122,571.6076494829439,1
67.8372090609019,8.39364209863931,220.0337550659716,184.83839794702496,0
71.97226071189148,12.985377137919043,223.27821172843085,59.58709735314371,1
67.89507759589868,9.457752797914862,229.2427013953783,604.3593197147711,0
71.44887428448206,9.957265411303128,209.86104047707462,763.6922693503205,0
80.37700399322719,8.505576641704353,220.8568716140336,523.4013709220083,1
74.35562351715846,5.151519479454117,210.74575373940414,226.7726253196457,1
68.3698823391608,11.768090792722099,222.55383755674316,666.521976693035,0
76.00606961081972,11.473687794184867,211.04653677636975,80.10572660960224,1
67.95962313489224,9.437344885763574,215.9189916083978,441.8337048019546,0
59.80937732411073,10.133981434449744,210.0418460520977,163.3667583984202,0
64.95956844541298,11.0318784354082,226.51136241823656,184.45905105988336,1
60.646040394870724,6.874908286226915,228.58451116656664,202.29394915820365,0
68.24243257979346,8.94189464530741,217.65379430042586,386.7070570439779,0
70.09209189594776,11.588529359243655,220.38237994960028,51.15020562039763,0
78.38218656137641,7.491421153661501,205.51408585366457,397.7934409290982,1
71.63463686882082,10.587115864333258,217.00323351993214,511.70744711470087,0
68.90449735595568,7.28683639075319,219.49795382958254,483.2942849663252,0
74.14702790591744,10.932859964867053,246.20793091029975,382.78410040304055,0
58.944323454960575,9.928717035405032,208.88032974225837,839.1466080707524,1
71.17807279054283,6.7697363681889815,234.64177238752438,145.32669242050412,1
73.85432596943484,12.329478708914342,229.9685877346581,505.696743781374,1
62.60706877110079,8.530816846403901,222.80636404490136,62.04141695655429,0
75.71877021603464,8.379495125971237,237.58620484195134,71.15567887790975,1
71.69248203747208,10.401138394461885,223.72105472606862,573.8658496770963,1
67.923560430496,12.29727469885743,223.8915919566793,566.018424887821,1
73.16390933053142,7.968356362043206,219.46879346982453,878.0335128444569,1
81.35346428902199,10.123359699695943,232.23568882418627,557.8736756600732,1
70.90933127529247,10.857633000661146,230.96469233810885,959.7910204048502,1
71.24110293150169,11.386211214526288,213.7432271250379,48.69484839992977,0
67.70319550229878,10.352883110554451,206.80752805401232,98.00768478074107,0
65.75077815267605,9.265944321833356,217.97019362604343,44.065861570381394,0
74.15167908272123,8.34481955870256,211.99961435602353,185.27685033354,0
65.71958087045566,10.172287766092749,219.36475425384646,541.2701109416781,0
70.35783118609696,7.855721976028786,232.3743813468414,645.572181427428,1
67.61171276617442,4.157299033010785,215.4269834491321,45.585157948668794,0
72.39489912873196,10.873119608315335,219.57176618688425,945.9708898455993,1
71.66831052643474,11.80786968217239,220.58022734808395,842.1653766503811,1
75.18769972128949,5.274135128916323,228.48430882205284,296.61248215709315,1
67.44991800572626,7.9805385905801245,197.53110666015394,77.18753022646796,1
68.65062532353315,11.238308522010396,213.93299705234702,169.88707321905727,0
65.10618142108846,14.114990939423397,222.1128369227947,126.94441375497267,1
67.77853369961944,10.041587415350817,232.00078956426862,123.28377929894685,1
71.88650246522425,8.54399411754173,215.08097552493794,518.561688665734,0
73.78494308322676,9.63420711779032,201.23447293958125,245.84744249340028,1
65.38917337911187,12.74975283829637,226.19711445966135,358.13971652914444,1
74.3480296005283,8.70807164175093,213.6463761117437,989.5053333843224,1
76.77818929402476,8.401615986699493,208.1033334090964,684.3142489253447,1
72.0671745161185,9.034512955635936,213.75654610286776,948.9806670470014,1
79.38397906279033,8.093342783482575,218.1547464234415,142.5565550331156,1
66.13105400448214,10.245340631989592,213.95255335461786,382.13947483256925,1
63.776726483442914,13.24935691693912,197.94433942900932,554.7318032823542,1
61.10639875547861,10.646158546232058,228.97066196887133,76.75806188873801,0
77.48022155744592,9.495292995747425,232.74875041278722,4.187443627957865,1
73.27182828177028,9.416377462168912,226.51521991339507,670.4343337969175,0
69.72207664544773,6.873618382606686,208.62314329575185,641.8195168014354,1
71.3998431315991,11.766219554294318,217.98508466052482,410.7888099996118,0
64.37255476350812,9.844325605974396,219.93478684770542,489.6440760320326,0
82.22875989808414,9.63904017281875,225.9879438956191,415.4430005920896,1
70.64610590987614,16.38621513568972,226.6834048871808,24.005044844888857,1
70.54697397302446,10.597505816731372,212.65826201221503,335.37160621746244,0
73.62883311949346,8.496417899809632,220.8199555641356,177.08225539728983,0
72.40504615868356,9.147284807588914,224.5728040461524,98.42418910136874,1
71.11942012139566,12.29689141839351,234.55822322146767,956.7204338893498,0
66.04762772277344,10.22654082107553,227.04506539824723,599.3597250421656,0
72.35734178567998,7.123444043365266,227.89056687375518,728.6562842366027,0
79.41012248237517,11.838457869150407,220.8382662792936,315.36374326611747,1
76.7271002307749,8.663711828922011,234.10459145203504,393.1471294940152,1
77.96593313319698,13.74659555243509,224.09762795959497,236.92399389672346,1
67.44392161784407,12.160096131429297,211.3891208982643,96.96567096542475,1
65.0519758987071,9.105356208682498,234.03369970125192,179.0316374415838,1
69.37106539950176,12.562032723470226,226.97903272539028,797.5140452964858,1
70.27862456144348,10.135711021054806,215.56955978871517,677.5458051837759,0
75.47095759235474,11.705547350244439,215.20507032600756,546.9288759854769,1
61.5376768514259,10.96946563458895,222.96575545140763,475.0898728667681,0
77.64775159730307,8.307286690018254,224.63184795267586,922.4342836561244,1
69.20996050710505,8.712900335365076,221.97292265631205,72.7349477786684,0
67.8655946502629,12.059921635162322,223.11308673442886,280.600813237916,1
64.93947812369916,9.330449335786918,236.9995737457638,349.937853570714,1
61.72571664067115,9.192703073516007,230.71543152234887,782.4258122127878,1
74.11585291980957,8.089754841301295,221.90635591265024,992.5146201619714,1
70.36658983594202,10.847198131186921,229.41310580767484,240.67051475715306,0
63.55019550129473,14.12504983848629,209.6747609647246,874.3073341370806,1
63.52460613968192,7.864934171491454,223.9792704994681,830.6227604317913,1
68.32107650354936,10.048438913345516,238.09306349733112,224.6573976417666,1
78.34510762644696,12.824441110830858,217.81954104607627,399.33258019922255,1
68.70204324318198,9.840717217508569,211.52366071380916,409.6728692925191,0
62.48428523440947,10.904743592499468,213.47911111406938,978.2206685265583,1
68.77128467957027,7.875212943706241,209.1036696265761,180.89190137889832,1
68.63638215126164,10.856614194415297,212.15238091872297,799.1579711047821,0
56.515566785292144,9.625711469990902,216.29491901409972,334.1927141731099,0
69.72852566741093,11.971459991359726,205.94432980821358,730.8703457761604,0
68.84532734895662,12.374772103129501,220.15618333949604,420.0110042956629,1
73.48103182406709,15.179127284037229,229.02277173786646,578.3597631165401,1
79.24478047472672,11.15926634642715,210.92243819853078,832.6117733261311,0
75.63282514773879,10.651592633164332,235.19283923641768,804.1655649838841,1
68.65555654722584,10.388768603154672,225.10792088527595,866.4231835397002,1
64.46737045629165,9.293667414378623,230.30580585624057,59.61732534465902,1
82.8667990162493,10.676967686923382,213.42165446147862,692.0505530397448,1
70.29609217007244,9.409197179721941,228.54525227066617,139.98737672176287,0
70.06964645956474,10.336921952539228,209.08066099604687,415.818568018411,0
69.87937456444999,12.63519507121592,228.9024750083651,548.5884150546884,1
70.99042380383928,7.986914869440717,221.7183933979353,402.7394847468307,0
69.27819794038028,12.27975712225809,225.53251219984784,519.6116758030075,1
67.13168996559882,12.634230134679731,208.24405394375148,996.5263087986192,1
67.26570529379804,9.763862946017843,211.04930157723396,135.21731371285472,0
69.83623364892001,5.756290201982811,225.97228218253386,675.4560453364255,0
67.28287614433117,8.784356025811135,210.516519957758,396.00096638561524,0
66.43577108661418,12.593989093122218,224.63206292099122,133.0097989073288,1
70.53215113845948,9.954263875402235,206.32862193539754,158.73676337430953,0
68.72511391289572,8.001395535410179,228.4817421266667,949.2731062456169,1
77.51996494291345,8.990450157543565,207.67476685231492,879.601496711762,1
56.74515095803494,11.681240053009105,225.52299937679524,907.0419604150218,1
75.45753425961232,11.093467136402758,226.25630933646002,991.5327758273866,1
76.23042596248814,9.522135801660612,213.03228181570424,208.31539000851797,1
59.63304883795925,9.266351176370625,225.82026567084728,355.43933736406177,0
68.28656202959826,9.216483701912356,222.60442263333556,669.2190299248667,0
68.14279567002104,8.155179631002994,214.61158143807262,483.80253986064724,0
62.96244152641089,13.230751378938884,209.91445315923792,418.3895333783335,0
66.11091656204562,9.355359061577321,200.3737430832742,357.81124933559306,0
64.44712077267086,12.434317041650992,223.49650047299693,593.7806319434522,0
78.76135221711812,13.042632103844902,204.35197228637944,575.593428640082,1
74.6783919657373,11.996621796295921,220.95344199441308,161.45783406424007,1
76.3577754749708,9.136759374563903,217.3655178391775,471.73983751843906,1
73.60836032021618,10.80746018067322,226.79142775438194,553.4717762098498,0
64.35474114391386,9.951608787218168,216.97954500510136,570.2869387313905,0
67.37739866860113,8.192596278539744,216.70552213652908,210.1071929123518,0
72.4468728061396,10.648718563443206,227.31870704288295,742.2713922522868,0
63.88936095554027,7.641920417680395,223.35058029084118,25.199094821069636,0
73.56499215086194,12.375358776923127,223.16155957182778,354.83185554316265,1
68.79837300920933,9.070765405403215,224.69267589808527,780.2126485356335,0
68.12589596225202,10.402319311745678,204.64427876792894,563.8929210554023,0
73.55479984101746,10.566575743092285,227.56788679986983,261.16243251086024,0
72.2213165574302,9.482190052591845,226.12468794013603,694.9531193430477,0
68.1951691709046,11.17338760295055,209.83316871423503,567.3909441560734,1
75.79664901682123,9.05019268675495,217.55919526325798,796.2436094563872,1
64.59468336200051,11.742594594914488,219.6069271237237,735.0251861898233,1
73.07967803472133,7.308040639506503,218.65503215598267,610.1079220362346,0
72.96550628984193,10.252759159092824,223.33859966568534,488.17767531081404,0
68.45226780343005,13.87785799811657,234.31366781831184,133.18212566752342,1
71.63066511121059,7.999337350788851,230.8176672767283,261.33301788538375,1
63.74443211807348,8.644510058950297,206.87780806568594,419.0994729170853,0
74.6201350960345,11.02781569931783,226.22069990306048,599.2992870063887,1
69.07548931778506,10.359163563879196,233.2893331953541,513.7078552153048,0
67.38638489740481,10.701260198547118,223.86808520689203,288.1845259595295,0
75.24504612918444,10.978374260295327,230.90980425185967,6.464357789710551,1
66.4782815472862,11.26944293712354,240.12270445700764,496.23922190081396,1
62.957693518182204,12.219399683912446,230.23709546106983,285.6259885622431,1
62.21685413238048,10.819637313857026,222.49308595641727,734.6083007105351,0
73.0300497567282,9.517484690762915,230.45088474084753,23.94626527048349,1
63.597853237518585,11.345147402405463,221.4488783309689,584.8278113057909,0
78.77397090992183,13.799763869790432,220.23903043284955,941.4742375060654,1
59.59035296058139,9.734732507234853,216.48585764286267,174.4092671114995,0
78.48228184145019,8.050941390658718,235.63413358832108,471.64949075059536,1
71.05508733601309,12.214161338573945,211.81571334057998,91.42199181713818,1
69.51643444064804,9.759237672092803,235.32367724678116,625.6819122613526,1
67.27540456595526,5.654660907971928,224.99864123740372,550.5316805962256,0
71.99568057176036,11.694843354300843,206.00693825198059,407.3655242128323,0
69.81182648787576,8.929343628092155,223.67649292991422,521.3770214737413,0
75.5165094100826,9.818933435391678,198.99973492348377,896.5746584690102,1
70.5711382433102,10.663960661138029,226.25508016831037,196.29430231106704,0
70.75150880730939,10.380999359558134,228.8523148298899,22.564511705347236,0
68.18193893893073,11.41890363427808,214.07644044347947,861.664884699101,1
69.71527188139466,9.129027258860313,221.23547695955583,577.1170823879065,0
71.5390088444603,11.026211596352166,239.54157433750285,890.6584554618424,1
61.449158036716874,9.480906644832165,214.94253295738062,596.9452234131726,0
63.25907288947143,11.477620961775006,209.410924129434,810.1610899597025,1
73.71632047011357,11.230734968026107,234.81663402462598,429.67336335514796,1
70.85432719063971,8.12912259591081,239.62587190530795,749.8599312882687,1
69.0800833182366,12.171964232350064,220.03695671847848,913.041466889856,1
70.09216966532696,8.928073109771905,230.11463035408357,572.1229637222062,1
71.73790852680835,11.61611559656229,233.41475915530881,180.78515056237953,1
67.30120159845319,10.734574626802681,212.57515767461615,268.7976150301982,0
66.10847637298843,13.676367353590244,215.14694164632132,198.64457689740578,1
70.9792262754884,9.553068035256295,232.30874513154734,246.85702759573292,1
65.10813611192484,9.301366407763606,236.8501427870851,306.4154493510364,1
72.04126377857236,9.961160788224534,225.62880860174354,555.1337867531885,0
61.4870819788108,9.393640434331449,211.20185646497947,587.9916294638327,0
75.14577818662822,11.5998838038841,239.8706111169944,426.49974724186114,1
72.36298741206521,6.767378783126825,214.69029102188034,615.4207798208354,0
71.28014867156938,7.892635161707291,216.6486221882855,81.57492561136593,0
74.91345491972757,7.864394156841614,223.4233783448962,87.78823705815996,0
78.32737222231289,11.900615183947151,235.54160420714774,171.82946035765843,1
75.07185032509065,13.42122674516385,228.53975976552223,518.0774980403447,1
60.795628843341774,9.791101562925057,224.1486550036191,213.99467869831358,0
63.60211516632149,9.66235655361998,224.63288530118106,283.2844034925773,0
66.8759071115216,10.140104326226362,220.43514668643465,400.3128361729941,0
70.13045525105417,12.323756605216381,225.58139514518507,811.8661240103798,1
72.58829510234561,8.145293731618851,194.70439922305698,13.862135912860118,0
66.37128093423267,10.476737965469571,217.03392540930201,649.3788202366225,0
70.9338338223854,11.950395259564859,222.4132193491678,668.8765310406853,0
66.22308533823339,11.002188339879691,208.48985916380494,798.6557803566366,1
66.94241098504025,10.379163233197486,223.8632331781156,932.7529390603132,1
62.96669451575889,12.002092185134282,217.95528779013878,20.137848949289825,1
65.38383376944547,4.593535414001526,237.5547569831549,153.78370551321618,1
63.241576971918334,11.355750639061815,235.73019725214857,886.171294055993,1
65.12063373511333,8.691848633745153,215.34194430881837,458.5185621870154,0
75.2682089830392,6.338734206287086,218.49162288433305,564.5906389334635,0
65.25300555584029,11.022405199049961,219.26052434391607,663.0272037231474,0
83.16191032418695,12.747317090325915,215.48340523840378,679.0666044956374,1
72.46658950440445,9.725102970744617,221.95024984028126,931.7404033165082,1
70.92418061847437,11.905749094405877,212.4171793111241,996.9494174116696,1
65.70821109909393,13.22455651597729,208.69384665062475,720.1574609309403,1
73.50154939704495,12.629828907168095,226.22711223900268,287.22120920515084,1
67.12181086881112,13.279929058742786,226.2952958422181,879.7524022943436,1
70.6100490732268,11.484254982143785,211.9568424034001,49.220914540761605,0
82.80042269134397,10.150867277803185,228.953554307626,231.0808528744962,1
69.51970050137675,6.796068376205663,213.68422270834668,897.3857174637149,1
75.74636663142837,9.507875023740104,222.53165238037982,256.19151443935493,1
66.48411787437057,8.313506809367617,228.20344012612455,220.65105962174846,0
69.82505754751519,14.341885434995628,219.66387435296286,138.12529314024724,1
78.85400317817755,9.648228375135327,224.54740912141133,859.1117576469165,1
66.86516471106117,10.246409613568972,214.8357035611243,500.05825919108673,0
79.06224278998465,11.102970752080935,218.03533416571904,674.8932030541548,1
73.53875967727738,10.087204892744907,217.9414056911966,239.06638407502967,0
67.18766612052866,13.390102080861507,212.53421653459762,758.0404210112165,1
73.1620386952776,8.754701276531096,218.23225836884217,760.0055449620985,0
74.86277224813365,10.389214910474486,204.51381701136253,312.59802490830015,0
73.10904981108598,8.515058828603904,215.08846252857896,410.68263301028287,0
62.14887640054772,7.359954977558589,217.1512450663033,209.69027743020087,0
66.36431412087566,8.776461818189428,217.4382024750462,976.5610233229042,1
68.76240682224248,9.925926405903176,217.58502554129223,645.6025770584116,1
69.62783285449977,9.14139555096548,219.3823580013987,934.5438807155156,1
73.10336048775339,8.615158040252288,224.79441518086065,303.38554362913317,1
70.88850500466627,7.187365072656332,228.74517074132524,781.8909129968897,0
63.323278206449494,9.833788854742611,213.50234773151732,765.858643884742,0
71.90098925502981,6.990559251937995,207.96799144610856,691.6556518665416,0
73.05292872641911,11.520111927379205,209.57955587756896,965.6389752668005,1
72.7989522396552,10.164879505869006,215.12797078805073,393.55533610631556,1
75.4039036277731,7.084897001070139,216.4807868218349,130.71732358975729,1
74.16961077274452,9.381581845900273,212.3000393380254,671.7088592440608,0
72.29590039614219,8.495687188818835,207.03883335750106,729.3098004772062,0
69.64917144270676,10.63834902083836,215.4387917252581,575.0605734588147,0
61.69519533242004,12.680900892046289,221.8142662011397,206.81789313339627,1
72.14809109566293,6.249655060708511,225.95029465835566,504.45594166935535,0
71.03843843581555,10.230052158294834,214.4257694689168,312.1897365691294,0
71.35789418597686,9.67973440886672,215.87002177856567,427.46652816668905,0
63.61625712089845,11.34268015290093,210.7330169115269,645.2185758446639,0
64.59471729795868,10.426393256475379,219.68560829625224,745.2147426908346,0
75.26576426666452,8.496061336522361,211.51571365809184,232.2246909013431,1
69.80222423071673,9.361892128666764,225.731278132412,405.32536064695336,0
73.40750348686312,8.407948286393022,202.14133508065888,269.16157099162916,0
70.1415918806523,12.152014277197196,216.40370327547538,198.6316138618691,1
70.14878069747873,10.042623297343884,223.01107339191742,783.3872199958383,0
74.69141902988,13.802381371506016,221.83834516322506,909.2526944369924,1
67.41977635891313,9.878678372370759,246.93033663980498,370.23218568457673,1
70.48060388470492,8.583186466179075,223.49800024567907,751.2789243737668,0
67.6886235564748,6.972571214774346,209.9594540315799,896.9952893644111,1
67.82751886283842,6.393720647488109,219.04535752910928,846.1242105302316,1
68.4541393826568,6.831728113989021,202.23753666533548,182.8133885392259,0
71.11066885816857,10.534253302022966,219.1940025070324,956.2918815133613,1
67.60625689168262,11.017450046459867,211.66943942999242,376.67644042946245,0
76.2787806278676,6.837618595935734,229.15390275560162,339.2406611738363,1
65.52696348890248,11.790076628152232,214.50459725404465,62.43132727778033,0
69.0656417791932,9.033877896633122,218.83234084204753,486.173654104883,0
67.80134470862913,10.293586023971098,213.64442158595597,109.0136156409287,0
77.23488942176867,13.224441256510849,237.3885135185333,248.53982092742598,1
70.98277388255788,11.793678631731064,216.7875723388209,316.94262176728137,0
75.15922269734317,9.462938704188335,238.325570434792,808.8263234916841,1
62.57219813481514,8.217615549169425,228.14151762118266,875.4886503958966,1
71.33525132934629,5.69636919734139,224.82066727335385,302.46631746146966,0
74.44815397811719,8.56169336151516,223.6873314731752,858.6981212445739,1
70.41141994637712,9.577739522344611,223.9379729821625,857.230937369791,1
75.32740187532676,8.025640945697631,200.7232742065439,764.6509503848736,1
67.41355774949814,9.737486065815391,217.21116605849244,146.69511401518153,1
77.0467372009279,10.153703765917536,228.4515797118432,690.322846900729,1
81.49449061809625,9.550288036383844,219.51102816525895,945.0240645805687,1
68.18580719780171,8.699994838353081,205.94810153196426,682.5404787671571,0
67.77248739299614,10.337309343933455,219.4759554942253,331.61684910783396,0
77.2669223855885,10.883881299138817,237.04105516255493,500.5793174308313,1
77.89786072865357,7.819201845114308,232.46891715534719,645.7250433510536,1
67.38569986423366,12.82186475949254,219.37995990633968,510.5704087285036,1
67.89906591452072,9.802823735431476,229.51449277058086,119.95294173096983,0
68.59107695569746,10.037699245889696,216.33492979631947,312.06404465202064,0
63.27774744482861,11.416428846513114,202.9612841317328,802.3960305536325,1
65.40674026757901,10.466432262527004,210.75534011870445,861.4180460955174,1
64.97929616623966,11.90627326782649,235.62888768508196,137.30003271557024,1
66.16101217447935,10.574248330403648,217.26006918170697,952.3867523987246,1
69.8265755630661,8.775125250719125,217.56616020624983,328.82261784860935,0
71.1710736626826,10.723007050412203,217.0016180372512,662.3137387307199,0
77.75250246407039,7.712547585358676,239.04136589573008,751.8251459566811,1
65.00822979630604,10.217119411553046,236.25958915362062,811.9462346378834,1
74.92161199238292,9.933540018711078,242.18780233448135,945.7497022259302,1
68.93005577887246,9.58376628545492,218.40954789599948,312.9195480288226,0
69.75268145173783,9.742924977122138,222.95624488747094,858.5064545515545,1
73.37409746083301,6.236301909004721,204.8335745057921,131.68690343620705,0
64.3863898921885,8.902550184518077,234.76934426118274,705.0409063535927,1
71.91204873092025,10.18568980228223,208.32220448732065,741.9777295139859,0
70.83226104106528,10.3197127839948,222.1677556376263,677.7232412013204,0
72.46225632004075,7.944649718148083,209.02697472367157,252.314736135153,0
71.44584321953909,12.531415681729401,214.11133173261305,873.0431470152033,1
82.27650069955448,8.267650303571,211.627375689503,168.85846337039501,1
66.81130007874341,11.938914401053474,213.92124739324183,53.63479152083084,0
67.34501522499092,10.85438872374337,214.6087729685102,717.4649906119122,0
66.88429736787617,8.707545380312395,214.51731205074924,475.4757152327337,0
67.22261440419872,13.550621785219024,228.33333911780306,849.0980199586761,1
66.81306436346742,7.6127263364870394,208.9513720693748,383.39714105825897,0
75.94508265553776,11.838308347220003,222.20541427013868,168.2785885077128,1
77.10252123994927,12.001164636085957,232.1795915230556,836.4421924698697,1
67.14626853125262,8.65875958184671,214.86803635486604,548.9096316400717,0
65.83822213447885,12.784930600128657,212.82081109252397,189.19579239035488,1
72.35707778193202,9.499906970802094,217.69475374819748,720.3839985864457,0
67.23888477859515,10.577387258559714,231.7972520836071,511.11363848950054,1
73.16465908877755,10.520643677542441,221.94107630953357,604.3129822403198,0
71.01461510425649,9.731382517058904,214.687857053924,460.89833820658185,0
62.42127942501384,11.621616546319565,224.8387665118804,828.7089838180063,1
77.73752600665031,11.586977441104427,208.97707850163576,829.5627156830499,1
78.9793883654776,6.502936053523639,226.81359510442948,709.3888218243862,1
66.93605654757806,12.608680485756306,224.0860730770177,105.40137739646227,1
68.06149220032007,6.675016023928651,216.92191528861116,838.8538619040688,1
71.42932695362452,12.065092408683315,211.6141420155277,671.0129805329099,1
71.67228394993512,12.253410273655167,211.13319077716542,697.0241660042996,1
73.29272136336415,7.818067139569603,225.3481733634591,362.98284040387165,0
80.05102269383175,9.17837142409083,232.28980502489063,879.2795561570067,1
69.11526386252976,7.7885906630281285,213.62692252971206,725.3716002348575,0
66.00851377730773,9.57015793942253,224.58386703551486,112.59046652919447,1
63.10340385992736,9.383931431628518,199.1297298139793,407.77803440616265,0
66.3453498002904,11.559321064538679,214.153822693428,886.3803619601417,1
69.83436513563102,12.620617492239216,219.68941067129097,47.196701697379,0
78.97278931758893,12.791367621579912,210.90316583018165,961.4166196420495,1
67.41194350481915,8.875663946843396,210.63493625210404,679.1625683195628,0
71.11893975819449,9.581556252510945,213.32220443531114,631.3759776433766,0
69.91788551963624,6.6331236155581,222.92192728326373,270.5592564879914,0
75.94196636724043,8.388259867007623,218.12670981593627,248.79178873917706,1
82.63466212936811,11.929703266194915,197.61768766675027,942.0582194885955,1
67.3456561353984,13.231165647096464,198.79299847364933,298.27245423412273,1
67.5528027874089,7.531302256240156,213.93134822142824,775.5052967189994,0
75.22080438534536,8.815071481694211,224.57686586053552,393.12179820707917,1
73.40945744813156,9.947188486082146,192.52495157274765,139.25407078470397,1
79.23353662868017,10.560322317639214,215.0026982384837,10.715297695358949,1
72.91964092662982,8.380792960156707,214.7375214348258,544.2573370152508,0
68.2035395460647,10.848122088928179,233.88337778208447,975.7788185489327,1
72.95327415346155,9.052321305858168,216.14978188287137,369.1361938092045,0
75.54351790291454,9.971095458243441,223.82988984740928,357.1923339930448,1
74.10241090598682,11.092568496007399,221.41257140087464,344.0916178494421,0
72.53637015553649,10.012844539621875,198.694335201928,520.5438373048585,0
75.33337344794577,9.127228218946863,227.68207216631737,440.6648834242936,1
75.84647795222837,9.780780392148339,222.1539650545629,879.9146267270145,1
76.91079495518764,9.823274081589329,225.08268639674588,505.5207917234903,1
73.24354943794822,9.259977940235744,259.26237706436325,507.75783818856877,1
69.16440959841573,9.482407874665796,199.1588706050141,138.3715947205566,0
70.73356843216662,13.197294341009433,237.24696649761108,982.7395409103859,1
76.03254483254179,11.121838895882478,217.12552480599643,249.97289086882967,1
65.91532164506381,9.409039363941679,222.8732890440301,73.36406745960267,0
71.8433665443645,11.393908809021472,219.54487754698758,663.1462489752088,0
68.0333059383632,9.33236102048798,215.75763666601955,595.3663701568727,0
70.14372411467409,12.346249275173282,214.3016707176124,415.14565399274574,1
76.39225931303649,10.739284384396187,223.2950873557301,422.19223388067803,1
70.95549534009952,9.785395711991542,204.8282630332832,785.0639210464312,0
70.23218274078074,10.895433851620556,227.50579167521767,195.71264009964906,1
63.200719295100406,6.858247695863001,215.83805595114745,820.2533189448898,1
73.7312678301361,7.746465062180389,208.69930660959642,648.7471138950182,0
73.22742090570537,7.612149987201889,215.49987142004187,418.96977377952436,0
80.8162736165273,10.285886189527414,232.57149216862572,458.0286165838686,1
68.461108825235,13.465029998970184,214.64664912983778,256.6472071860958,1
71.0957516383197,14.462600292385265,223.5845361820962,752.1143326969748,1
71.24691841855378,11.276102202881514,212.69043724284526,512.8747423052678,1
77.88726639881737,11.001688949888914,227.5792184992362,320.8545427498436,1
69.52352233806523,6.3978845316945225,226.85507738790204,596.0501157609502,0
71.39510762885169,8.914652400531956,238.48608833296413,995.734452051323,1
73.0394825485827,8.424432496183522,218.24436054500785,435.26227965655386,0
70.9330456157818,8.758304803497769,226.68654804757907,920.6914007786196,1
67.76783192724736,9.66371236283042,220.98067539538945,345.0168399245661,0
70.97044996449154,9.055818844605746,232.95871781863013,54.732706924985884,1
75.36815874929886,6.041400379248424,212.8116761239127,204.24210636842886,1
64.8674235029447,11.495820512235067,227.45005312877282,418.6951433276842,0
70.66484837073438,7.8545139485203865,218.0530270388332,219.634928594569,0
66.49939592530413,10.478493728222299,219.35811822891503,0.2270382182555375,0
75.97523314462421,14.148165339499947,220.91752484448372,915.0015377475272,1
62.384065476081126,8.161230816827153,222.52240396426677,843.879411230929,1
67.20539076364206,4.9394249545073405,218.8377095687804,742.2922314869471,0
71.8860593753226,9.427991556239778,222.14713183170525,167.81459564602864,0
77.8276201461717,12.201919269997141,235.78118057562185,120.36357620998605,1
69.67124869463507,13.916694908441187,229.8544968561522,67.60474947238315,1
67.22400236653401,7.540900811095167,228.69154592496898,724.0291887729212,0
79.40578534720295,10.993398446473044,215.4446047397613,928.8079606878853,1
62.75993049791878,9.069379086439893,211.10759171771676,430.535820913037,0
59.00597021689959,9.788103291391728,229.55300558237752,119.14067199604817,0
72.20007225026666,15.28868669403407,228.76046792529795,512.3928207321065,1
67.48972887823695,6.994059343209694,234.72670675750982,348.83190745863016,1
64.89383591434644,10.507479322989147,213.96019374030772,374.8249243499977,0
73.54178223649677,10.935386343530867,217.70451344639653,621.3306241557073,0
71.219003568856,12.171572649878694,203.60515837474566,718.7181132622023,1
67.17960684631636,10.195966306941791,216.07528893939127,110.60359887316085,0
63.59847800664553,10.616101079008205,229.96570510579448,35.590230806476384,1
74.36228664140073,9.216702865156417,215.33504620771802,994.3303026857149,1
73.2510058897933,10.538253882490215,226.40479795200824,232.72834891555183,0
69.50412068110309,9.313615449005178,218.0949689400219,53.830524908459076,0
79.23318498023833,11.243143779712101,223.2405702822156,189.87532909591997,1
64.64957616836924,9.260779327912733,208.52308610184332,38.95784634846422,1
62.372374145376305,10.754200787804374,220.85209449633902,391.81089461717164,0
66.54045965059377,9.941474372630044,190.08864029099277,802.4017844513243,0
69.77206991822251,12.252100501544337,218.13103841838014,341.2444497577206,1
71.21669724661346,9.897212552823028,203.69526756284858,444.18340687836655,0
68.79381971071835,6.453935063586237,232.05994516546815,675.5867735674387,1
71.76027698257148,12.523843001427984,227.7740735276451,508.8940700698802,1
63.74230287904778,8.188535398274762,224.6667098196608,861.4456860213243,1
77.2188230203663,8.69246732270236,235.2100622715938,866.0356750457565,1
69.58924410803715,8.808677411913015,210.51083479175162,9.910695491153643,0
75.58647915794064,12.748876186341635,237.47363197915558,778.0463064831991,1
71.71362673188852,5.728651572042609,229.32191564260384,460.73360024167386,0
72.28376609576893,16.27549706731999,217.63444712781055,988.840541303663,1
72.84883640116102,12.112113618132103,231.35620147182945,483.23207587543516,1
72.23854280008658,10.446477828258319,208.93706487588366,986.8959453882975,1
73.21361379933772,9.890211998767427,211.75485838472326,754.5693612057366,0
76.64576265066216,10.571108149715315,213.914102767603,248.60488461330633,0
70.98260584850735,11.042244856758677,214.71022291935984,538.3949792869577,0
73.54501878794257,11.290431171900114,209.43442357239746,992.1356394785828,1
69.55132152856386,11.111208932006896,232.23083067095325,857.5306077519236,1
77.20058607724737,10.179161362510497,217.4114559963017,97.3668937912211,1
66.61803848970365,9.605323159385348,223.5250496835688,706.3719968099961,1
79.00470216455408,9.697453432692976,214.2964863358632,345.57958587081305,1
69.79921024677829,9.610183439294637,201.79396699451482,6.982261880348117,0
62.84612448940976,12.26754019373413,222.70057358391423,403.4809690269996,1
70.64052207455394,11.187113444561724,200.87745024580224,234.7544217249713,0
66.59474171262559,4.1192227306714395,219.3136595391453,818.8692705204716,1
74.20321774494361,11.311801553059523,206.3168496116719,337.3306088457655,0
66.73688010348805,10.38947238943755,239.8727599923081,827.5236939538171,1
67.7690828339261,9.962582487108206,229.1136272217472,0.5979388347953085,0
60.552296345272346,9.222963093822228,221.0575379127148,307.81915002611913,0
67.73846840375461,12.248225439972027,232.63706677654667,241.16521430776194,1
57.88060336685522,11.895052924245716,211.53684022534264,233.56736106861098,0
62.08048588257138,8.454244664352782,225.43479378670094,68.1866197654627,0
73.80207328072149,10.81410457424907,221.99810433718713,187.12427041050174,0
73.92900079325416,8.056686530917428,222.6402008133367,555.5495698856199,0
72.12728780892482,7.2407636704221385,232.7235350010677,291.3610728377445,1
65.16511928435393,8.746565550820069,227.324921027798,417.394782329148,0
69.7614432192901,11.724786944765517,222.88723662825024,376.8668803471885,0
69.98198730454716,11.906250090752174,203.45112563771704,875.9049249998945,1
64.20817655403728,11.026170840194586,210.39953704720537,905.2989990105154,1
77.51699150883576,11.450191573695994,218.77291066404277,492.95697165586006,1
74.38681145287836,11.032356574229917,220.93372374276652,330.1559503156044,0
68.89517913085169,8.717036809554095,208.69796275326075,106.80070400236363,0
70.13442919497265,10.863845089347882,244.11676675578423,953.402879382095,1
71.04191403973776,11.600819050455364,235.16394055253573,60.226944900297454,1
59.791325657878545,11.508582659627148,226.02118320392483,297.65027756828044,0
68.76411308739702,12.377826742949285,220.72036861283746,298.06620117000415,1
66.59007876001101,11.416607694402128,217.87791030098848,320.4012861402149,0
64.99189995052542,10.702896415083165,210.48081539977764,164.28684327240927,0
68.59449853557022,12.140300476632856,220.77480518518863,783.1614309236971,1
78.98843263424762,9.94695748150188,222.5775254014275,122.49786196598922,1
73.20421430633505,8.236250697544564,207.58239424518376,634.9066591531628,0
67.14410505108602,9.673866072112473,223.34176417244896,123.84602670581745,0
72.86291390678079,8.510194710387102,218.4474095117525,70.53563759295656,0
