temperature,vibration,voltage,usage,actual_failure,predicted_failure,probability_of_failure
70.06964645956474,10.336921952539228,209.08066099604687,415.818568018411,0,0,0.06666666666666667
73.12833673882503,10.359788302306956,218.09960964998507,224.31855885352624,0,0,0.04
67.3456561353984,13.231165647096464,198.79299847364933,298.27245423412273,1,1,0.98
72.60970782808448,13.189010126449944,218.96745239850952,23.70775364451838,1,1,0.9533333333333334
76.52739403577165,10.02070523968676,226.6592425205446,917.2680665776807,1,1,0.9866666666666667
69.7614432192901,11.724786944765517,222.88723662825024,376.8668803471885,0,0,0.06
71.219003568856,12.171572649878694,203.60515837474566,718.7181132622023,1,1,1.0
68.87111849756732,8.852599992122842,222.77376937958192,328.179482797612,1,1,0.66
69.42730077373692,12.400827815888851,222.07267329398945,849.9593305032054,1,1,0.9933333333333333
69.68660451363414,10.617666025197927,210.83808084518756,339.30526730956745,0,0,0.02666666666666667
61.96776839871214,13.45392770246681,239.9251535316812,552.3661378172343,1,1,0.9066666666666666
73.0300497567282,9.517484690762915,230.45088474084753,23.94626527048349,1,1,0.9933333333333333
62.8206892441028,11.218276241814355,215.12771435886447,603.150120122947,0,0,0.02
66.4782815472862,11.26944293712354,240.12270445700764,496.23922190081396,1,1,0.9866666666666667
62.96244152641089,13.230751378938884,209.91445315923792,418.3895333783335,0,0,0.34
75.5165094100826,9.818933435391678,198.99973492348377,896.5746584690102,1,1,0.9933333333333333
62.14887640054772,7.359954977558589,217.1512450663033,209.69027743020087,0,0,0.06666666666666667
80.05102269383175,9.17837142409083,232.28980502489063,879.2795561570067,1,1,0.9866666666666667
72.02490855480478,6.888208707592746,229.21650111924458,689.0876537482296,0,0,0.11333333333333333
70.27862456144348,10.135711021054806,215.56955978871517,677.5458051837759,0,0,0.0
63.74230287904778,8.188535398274762,224.6667098196608,861.4456860213243,1,1,1.0
70.99529847786735,14.63865907996339,226.79373282956504,768.581330913202,1,1,0.9933333333333333
65.38383376944547,4.593535414001526,237.5547569831549,153.78370551321618,1,1,0.9866666666666667
70.13442919497265,10.863845089347882,244.11676675578423,953.402879382095,1,1,0.92
75.84647795222837,9.780780392148339,222.1539650545629,879.9146267270145,1,1,1.0
73.24354943794822,9.259977940235744,259.26237706436325,507.75783818856877,1,1,0.96
67.30120159845319,10.734574626802681,212.57515767461615,268.7976150301982,0,0,0.03333333333333333
69.72207664544773,6.873618382606686,208.62314329575185,641.8195168014354,1,1,0.64
73.22687974792574,7.910381611957932,204.68892497444278,364.8224702077987,1,1,0.7133333333333334
63.84567841783022,11.402345484621797,205.3247473424756,897.9646468477886,1,1,1.0
67.40864890863176,14.153495967121682,197.03819046862762,934.3041141674903,1,1,1.0
67.38638489740481,10.701260198547118,223.86808520689203,288.1845259595295,0,0,0.03333333333333333
65.71421221791859,12.784004572689199,216.42554577189574,226.07907101056267,1,1,1.0
74.20321774494361,11.311801553059523,206.3168496116719,337.3306088457655,0,0,0.11333333333333333
69.62783285449977,9.14139555096548,219.3823580013987,934.5438807155156,1,1,1.0
66.73335383713145,8.460053537882716,206.6968637426101,201.52837800631283,0,0,0.03333333333333333
75.28561113109458,6.847215686031501,219.90699678861387,68.45045256601678,1,1,0.9866666666666667
72.71680096189968,11.164195406937232,249.8525900260341,481.277951219237,1,1,0.9733333333333334
60.23956100238749,7.337534092884444,224.62060893251896,605.9969672710255,0,0,0.02666666666666667
67.65412173947648,10.369360611729817,205.5035478030147,284.54138567693377,0,0,0.02
67.26570529379804,9.763862946017843,211.04930157723396,135.21731371285472,0,0,0.04
70.24260813972414,10.176813772583694,206.48925633791978,277.06924971339964,0,0,0.06
72.71280021792982,8.929529576878863,229.3757013762656,457.9289944340279,1,1,0.6
80.4619363784273,10.973003287652404,236.74492433347538,676.3610678727241,1,1,1.0
69.20030735018287,11.518310320605293,206.34044288799467,12.89746978952544,0,0,0.04666666666666667
67.22261440419872,13.550621785219024,228.33333911780306,849.0980199586761,1,1,0.9933333333333333
72.57523843153024,7.194789456400613,216.86941969476845,34.67270422606639,1,1,0.6533333333333333
78.9793883654776,6.502936053523639,226.81359510442948,709.3888218243862,1,1,0.9866666666666667
72.14809109566293,6.249655060708511,225.95029465835566,504.45594166935535,0,0,0.006666666666666667
66.53545202369673,9.802220693617715,225.22514105265756,81.59872000483837,0,0,0.006666666666666667
71.5390088444603,11.026211596352166,239.54157433750285,890.6584554618424,1,1,0.9933333333333333
74.79635413042604,6.772877204246518,225.01782736167544,995.5689004906878,1,1,0.98
72.93428546900135,13.266863064602191,220.22465892812048,603.5288065011209,1,1,0.9866666666666667
65.25300555584029,11.022405199049961,219.26052434391607,663.0272037231474,0,0,0.013333333333333334
68.79381971071835,6.453935063586237,232.05994516546815,675.5867735674387,1,1,0.9533333333333334
70.98277388255788,11.793678631731064,216.7875723388209,316.94262176728137,0,0,0.09333333333333334
73.93542301871226,14.581885145181484,222.46504778432003,583.2523923125568,1,1,1.0
70.9792262754884,9.553068035256295,232.30874513154734,246.85702759573292,1,1,0.9933333333333333
71.46536236649341,13.284030320272738,207.3983523482742,926.4637979561849,1,1,1.0
57.88060336685522,11.895052924245716,211.53684022534264,233.56736106861098,0,0,0.02
76.91079495518764,9.823274081589329,225.08268639674588,505.5207917234903,1,1,0.96
71.08229294790988,7.260394040841844,227.9062559916277,992.5817954877634,1,1,0.98
62.42404468900724,9.731965666654165,212.14013967365017,601.8067339454473,0,0,0.0
67.38569986423366,12.82186475949254,219.37995990633968,510.5704087285036,1,1,0.9933333333333333
59.791325657878545,11.508582659627148,226.02118320392483,297.65027756828044,0,0,0.02
72.0671745161185,9.034512955635936,213.75654610286776,948.9806670470014,1,1,0.9933333333333333
57.641777499363556,8.79557587927644,244.26716486345524,799.7833644457834,1,1,0.9933333333333333
66.21824627357849,10.449369451503772,214.5044286409142,871.9130612805055,1,1,0.9933333333333333
75.26576426666452,8.496061336522361,211.51571365809184,232.2246909013431,1,1,0.9733333333333334
63.94491900118771,9.704794827402663,210.81313488513905,54.565408282698954,0,0,0.02
81.57329283336755,7.624803161940974,216.41659847978778,672.3838432917037,1,1,0.9933333333333333
67.48262172941901,10.65752482060696,227.18185725707934,181.1832790500828,0,0,0.05333333333333334
61.93642064405174,10.827598194902997,218.18775826781896,824.3504472493495,1,1,0.9866666666666667
56.901274479551276,11.99253363889428,213.8234810456565,168.20365576651818,0,0,0.19333333333333333
59.803839111199494,11.631474425078594,209.80335661307885,911.3391900786307,1,1,0.9933333333333333
61.10639875547861,10.646158546232058,228.97066196887133,76.75806188873801,0,0,0.02666666666666667
62.42576387657068,8.06331109027273,225.8855326977072,211.1259425580374,0,0,0.013333333333333334
68.65062532353315,11.238308522010396,213.93299705234702,169.88707321905727,0,0,0.06666666666666667
63.39771693457862,7.119898234811411,211.71502975219755,233.8128330930641,0,0,0.03333333333333333
77.73752600665031,11.586977441104427,208.97707850163576,829.5627156830499,1,1,0.8666666666666667
67.27808637737408,13.455086340201422,189.80487844179174,466.6931208844084,1,1,1.0
70.48838049274416,9.11343549761698,208.8347556005134,176.89695082398393,0,0,0.08
74.11585291980957,8.089754841301295,221.90635591265024,992.5146201619714,1,1,1.0
73.37409746083301,6.236301909004721,204.8335745057921,131.68690343620705,0,0,0.12
63.59847800664553,10.616101079008205,229.96570510579448,35.590230806476384,1,1,0.88
66.04762772277344,10.22654082107553,227.04506539824723,599.3597250421656,0,0,0.006666666666666667
79.54708320235065,8.897628567342933,229.68184660532862,586.6239182836626,0,0,0.3933333333333333
71.44887428448206,9.957265411303128,209.86104047707462,763.6922693503205,0,0,0.2
66.03563583868828,6.478474481688364,234.87246155335927,451.73947598144383,1,1,0.9933333333333333
65.80391238388681,9.94889185801711,215.2377912645534,403.2077561332522,0,0,0.02666666666666667
70.09216966532696,8.928073109771905,230.11463035408357,572.1229637222062,1,1,0.9733333333333334
60.646040394870724,6.874908286226915,228.58451116656664,202.29394915820365,0,0,0.07333333333333333
73.40945744813156,9.947188486082146,192.52495157274765,139.25407078470397,1,1,0.8133333333333334
65.10813611192484,9.301366407763606,236.8501427870851,306.4154493510364,1,1,1.0
75.4039036277731,7.084897001070139,216.4807868218349,130.71732358975729,1,1,0.96
71.66831052643474,11.80786968217239,220.58022734808395,842.1653766503811,1,1,0.9866666666666667
70.4853877467402,9.856797481171872,223.26744764602321,677.4380712282945,1,1,0.6
66.99146693885301,9.48524692515331,228.0712259663731,823.6236107489735,1,1,0.9733333333333334
73.77695612912878,9.756504983233432,223.27879524159357,40.28551877799846,0,0,0.08666666666666667
73.19296229388686,10.281772493822407,224.73632076811455,439.8556397138349,0,0,0.02
65.4530627260263,12.374060611120761,227.84604287898023,265.92845063211877,1,1,1.0
68.45226780343005,13.87785799811657,234.31366781831184,133.18212566752342,1,1,1.0
62.96669451575889,12.002092185134282,217.95528779013878,20.137848949289825,1,1,0.8333333333333334
72.31051737131635,10.28343382727981,209.14174871114815,275.92269438054683,1,1,0.6866666666666666
73.16465908877755,10.520643677542441,221.94107630953357,604.3129822403198,0,0,0.02
75.79664901682123,9.05019268675495,217.55919526325798,796.2436094563872,1,1,0.96
73.10904981108598,8.515058828603904,215.08846252857896,410.68263301028287,0,0,0.013333333333333334
70.85432719063971,8.12912259591081,239.62587190530795,749.8599312882687,1,1,0.9933333333333333
67.22400236653401,7.540900811095167,228.69154592496898,724.0291887729212,0,0,0.006666666666666667
70.35783118609696,7.855721976028786,232.3743813468414,645.572181427428,1,1,0.9866666666666667
69.27819794038028,12.27975712225809,225.53251219984784,519.6116758030075,1,1,0.98
74.87559866708875,10.297334914404223,228.90383163519786,728.7780544506475,0,0,0.013333333333333334
64.28514851084688,12.728280859947688,224.87872284871074,805.4323292999863,1,1,0.92
61.434327354545616,7.305747420940607,210.78140186874685,443.0337063376194,0,0,0.02666666666666667
71.57123666297637,9.032228331891357,199.96137635593246,477.3503981224013,0,0,0.04666666666666667
62.372374145376305,10.754200787804374,220.85209449633902,391.81089461717164,0,0,0.0
75.49388425993595,11.635532598400575,237.95211355912323,89.87685173616067,1,1,1.0
69.91788551963624,6.6331236155581,222.92192728326373,270.5592564879914,0,0,0.013333333333333334
78.14307772785646,9.502617747632906,218.68527404328333,702.1074541137926,1,1,0.9933333333333333
73.69233289997705,13.367855382915737,213.05286868910943,475.5961918220083,1,1,1.0
70.53215113845948,9.954263875402235,206.32862193539754,158.73676337430953,0,0,0.07333333333333333
70.24042473330691,13.086487056544378,226.0685059321567,814.3867792687613,1,1,1.0
70.37902279096863,9.573114258139585,204.8212625331919,593.4613827047239,0,0,0.08
71.3522841288992,7.71662177173299,224.81866061718492,124.34584143087035,0,0,0.013333333333333334
79.15729382927177,10.273070662165475,213.49976065593103,186.63993979768256,1,1,0.9266666666666666
70.86590462925591,6.814012532936662,221.89706167610396,334.40117898874865,0,0,0.02
72.36796215317591,10.907068603027959,225.91814133741377,546.4585417281244,0,0,0.04666666666666667
76.2787806278676,6.837618595935734,229.15390275560162,339.2406611738363,1,1,0.98
65.16511928435393,8.746565550820069,227.324921027798,417.394782329148,0,0,0.04
62.08048588257138,8.454244664352782,225.43479378670094,68.1866197654627,0,0,0.07333333333333333
67.18766612052866,13.390102080861507,212.53421653459762,758.0404210112165,1,1,1.0
62.24668284466934,10.642714430900547,224.38475738809728,622.7534032398411,0,0,0.02666666666666667
69.30867849414408,11.849267365825538,218.5548132928448,983.567206513663,1,1,1.0
68.06149220032007,6.675016023928651,216.92191528861116,838.8538619040688,1,1,0.9866666666666667
62.21685413238048,10.819637313857026,222.49308595641727,734.6083007105351,0,0,0.02
66.94241098504025,10.379163233197486,223.8632331781156,932.7529390603132,1,1,0.98
67.94061516938767,10.734731013632356,225.34629086122436,625.6507894272764,0,0,0.013333333333333334
62.84612448940976,12.26754019373413,222.70057358391423,403.4809690269996,1,1,0.8733333333333333
74.12708174494014,12.780415098034627,222.30070759191403,600.912005659086,1,1,1.0
68.93276424144076,9.550469196214634,216.0798736008087,0.03071884538241587,0,0,0.05333333333333334
67.62527344419522,10.068166936518452,211.01215951676872,850.574528015116,1,1,0.9933333333333333
68.72511391289572,8.001395535410179,228.4817421266667,949.2731062456169,1,1,0.9933333333333333
73.07083350021712,13.339809008702812,212.36713895821418,813.7233437222275,1,1,0.9866666666666667
70.83226104106528,10.3197127839948,222.1677556376263,677.7232412013204,0,0,0.02
69.90743432003805,8.907511103495034,216.30722860753798,957.6316462725879,1,1,0.9933333333333333
69.83436513563102,12.620617492239216,219.68941067129097,47.196701697379,0,0,0.43333333333333335
71.27210421650607,8.34623929192028,223.89614177370905,605.0895185405384,0,0,0.06
71.73224104748488,5.69321977279257,236.6147016572802,135.4595367946908,1,1,1.0
65.95850857322424,13.652019427093872,222.60280506582887,672.5072626736492,1,1,0.9933333333333333
72.85445255346583,7.512273529217429,207.49592266030282,697.1636921379804,0,0,0.02666666666666667
77.61562038634828,13.08421990513575,207.43493105720745,143.46945701802005,1,1,0.9866666666666667
71.63463686882082,10.587115864333258,217.00323351993214,511.70744711470087,0,0,0.04
72.04126377857236,9.961160788224534,225.62880860174354,555.1337867531885,0,0,0.06666666666666667
73.54178223649677,10.935386343530867,217.70451344639653,621.3306241557073,0,0,0.02
66.37128093423267,10.476737965469571,217.03392540930201,649.3788202366225,0,0,0.0
76.64576265066216,10.571108149715315,213.914102767603,248.60488461330633,0,0,0.3466666666666667
75.36815874929886,6.041400379248424,212.8116761239127,204.24210636842886,1,1,0.9733333333333334
74.36228664140073,9.216702865156417,215.33504620771802,994.3303026857149,1,1,1.0
66.40777889373783,7.266242603169157,226.93478911913994,118.2186222910886,0,0,0.0
70.23218274078074,10.895433851620556,227.50579167521767,195.71264009964906,1,1,0.6133333333333333
73.22742090570537,7.612149987201889,215.49987142004187,418.96977377952436,0,0,0.03333333333333333
64.81376922836772,14.123007153272795,217.2103706966819,432.7714843418189,1,1,0.9666666666666667
78.48228184145019,8.050941390658718,235.63413358832108,471.64949075059536,1,1,0.9933333333333333
65.22229779699788,9.254333695816467,237.19377906207296,58.56530528453385,1,1,0.9866666666666667
68.12589596225202,10.402319311745678,204.64427876792894,563.8929210554023,0,0,0.12
73.256956256529,11.789848753888883,215.4790966716692,259.8281379402995,1,1,0.74
71.71809144784231,12.953080699451792,216.72105283487082,417.66699581699476,1,1,0.9933333333333333
82.27650069955448,8.267650303571,211.627375689503,168.85846337039501,1,1,0.9666666666666667
67.61171276617442,4.157299033010785,215.4269834491321,45.585157948668794,0,0,0.03333333333333333
75.14577818662822,11.5998838038841,239.8706111169944,426.49974724186114,1,1,0.9933333333333333
64.08370743667112,10.614813395618201,225.646059258936,358.6215819535914,0,0,0.0
76.77818929402476,8.401615986699493,208.1033334090964,684.3142489253447,1,1,0.9866666666666667
78.76135221711812,13.042632103844902,204.35197228637944,575.593428640082,1,1,1.0
71.38345399665009,8.492070822266648,211.64857098369976,374.72197050737645,0,0,0.03333333333333333
65.86384528223839,10.36671983955831,224.0865281148067,85.05638548924111,0,0,0.013333333333333334
74.10241090598682,11.092568496007399,221.41257140087464,344.0916178494421,0,0,0.03333333333333333
70.14878069747873,10.042623297343884,223.01107339191742,783.3872199958383,0,0,0.14666666666666667
67.77248739299614,10.337309343933455,219.4759554942253,331.61684910783396,0,0,0.02
80.30373962440993,11.076592158099267,230.47317706621448,897.9352934437369,1,1,0.98
71.92032724469654,11.325762537334825,237.4958390420542,756.2537914224343,1,1,0.98
67.41355774949814,9.737486065815391,217.21116605849244,146.69511401518153,1,1,0.68
60.201649380601125,7.07125023958036,214.910363742925,683.8664518353432,0,0,0.02
75.16232630275573,10.748113139695144,219.87911052153945,16.20039733946721,1,1,0.9466666666666667
67.34501522499092,10.85438872374337,214.6087729685102,717.4649906119122,0,0,0.02666666666666667
73.75966516343387,12.101308792015224,218.0897223739983,400.212275849672,1,1,0.9933333333333333
67.923560430496,12.29727469885743,223.8915919566793,566.018424887821,1,1,0.9933333333333333
66.77440122697438,10.69300776346143,229.26215402241593,181.77886721736192,0,0,0.03333333333333333
70.33759240705055,11.015671512579248,206.73527871688918,613.6379029893839,0,0,0.10666666666666667
66.48973453061323,11.45525908727396,226.222071440434,731.4964640431391,0,0,0.02
61.69519533242004,12.680900892046289,221.8142662011397,206.81789313339627,1,1,0.9533333333333334
63.52460613968192,7.864934171491454,223.9792704994681,830.6227604317913,1,1,0.9933333333333333
67.49121478207732,10.86008329438214,207.79287574085842,635.4143568619098,0,0,0.07333333333333333
74.75211919093024,10.064008298131533,228.90198411124786,753.4721106595968,0,0,0.006666666666666667
71.78893680174141,10.250449005295815,238.04348109786744,760.160929790159,1,1,0.9933333333333333
73.28276804316914,9.350337232982755,225.57691060725125,392.89510889317904,0,0,0.006666666666666667
66.59987639210755,8.722076504620995,220.20886488295963,231.47521376529812,0,0,0.06
65.40287882883098,9.511686729418702,216.45959289058976,417.19341856457646,0,0,0.006666666666666667
68.90449735595568,7.28683639075319,219.49795382958254,483.2942849663252,0,0,0.006666666666666667
75.47095759235474,11.705547350244439,215.20507032600756,546.9288759854769,1,1,0.9466666666666667
63.111653160214544,10.09772014065141,210.4356362318199,361.0747263410372,0,0,0.0
73.71632047011357,11.230734968026107,234.81663402462598,429.67336335514796,1,1,0.9933333333333333
67.17960684631636,10.195966306941791,216.07528893939127,110.60359887316085,0,0,0.0
65.09245674476024,12.426195399958367,209.12754061137198,429.06236930266596,1,1,0.9733333333333334
74.6783919657373,11.996621796295921,220.95344199441308,161.45783406424007,1,1,0.8533333333333334
75.29212243424794,9.557492752828455,231.24353359870503,701.7382738772571,1,1,0.9866666666666667
62.57219813481514,8.217615549169425,228.14151762118266,875.4886503958966,1,1,1.0
71.63066511121059,7.999337350788851,230.8176672767283,261.33301788538375,1,1,1.0
67.65262807032524,12.09910543063867,226.59245668432405,692.0112559466547,1,1,0.9933333333333333
69.50412068110309,9.313615449005178,218.0949689400219,53.830524908459076,0,0,0.03333333333333333
70.90933127529247,10.857633000661146,230.96469233810885,959.7910204048502,1,1,0.9733333333333334
68.32107650354936,10.048438913345516,238.09306349733112,224.6573976417666,1,1,1.0
67.19909479901516,11.984084699073046,210.01939372685587,174.64718589632955,0,0,0.19333333333333333
67.0030367727799,9.024177183708595,210.42849085104956,315.2394346494508,0,0,0.013333333333333334
70.54697397302446,10.597505816731372,212.65826201221503,335.37160621746244,0,0,0.013333333333333334
65.50792664325822,10.919944285878232,201.53812137761906,499.9589919647884,0,0,0.02666666666666667
74.26216667398111,13.256793246257075,226.863184569567,289.43952161948795,1,1,0.9933333333333333
72.35707778193202,9.499906970802094,217.69475374819748,720.3839985864457,0,0,0.006666666666666667
69.83623364892001,5.756290201982811,225.97228218253386,675.4560453364255,0,0,0.06
71.69248203747208,10.401138394461885,223.72105472606862,573.8658496770963,1,1,0.5933333333333334
64.87806179332856,8.158652813841268,209.2894632035095,102.8425921574767,0,0,0.10666666666666667
75.8158187607748,7.815374470654842,213.24291920838388,682.5324595377216,1,1,0.9933333333333333
72.58829510234561,8.145293731618851,194.70439922305698,13.862135912860118,0,0,0.16666666666666666
89.26365745327361,13.499153486373878,219.99291405423355,391.91056294390904,1,1,1.0
75.71877021603464,8.379495125971237,237.58620484195134,71.15567887790975,1,1,0.9933333333333333
67.80134470862913,10.293586023971098,213.64442158595597,109.0136156409287,0,0,0.02666666666666667
82.31621056242643,10.99136377594521,209.97812544218527,395.15529747230505,1,1,0.9666666666666667
73.85432596943484,12.329478708914342,229.9685877346581,505.696743781374,1,1,1.0
70.75150880730939,10.380999359558134,228.8523148298899,22.564511705347236,0,0,0.06
74.35562351715846,5.151519479454117,210.74575373940414,226.7726253196457,1,1,0.6466666666666666
62.888731452011626,11.86518166374618,228.595878869798,576.9816124176818,0,0,0.04666666666666667
64.01896687959665,6.5205724424438,218.96778247067505,354.89768348655406,0,0,0.006666666666666667
73.83717364576455,11.270343603363939,211.8291136893181,52.76525785960262,0,0,0.07333333333333333
67.04214305582084,9.981762006711593,218.16803381279612,576.8812013112084,0,0,0.02
67.05317621527894,9.987858176920213,220.85318142565023,331.9715047358455,0,0,0.006666666666666667
61.4870819788108,9.393640434331449,211.20185646497947,587.9916294638327,0,0,0.006666666666666667
73.23844269050346,10.119260739840348,212.0758007900004,259.670838950414,0,0,0.12
73.40750348686312,8.407948286393022,202.14133508065888,269.16157099162916,0,0,0.14666666666666667
71.42932695362452,12.065092408683315,211.6141420155277,671.0129805329099,1,1,1.0
68.38969241897162,7.544784369726015,235.49020151495188,418.14478816279967,1,1,0.9933333333333333
71.85572936685655,11.53216055676938,230.213832954294,784.4054732127973,1,1,0.96
68.80525976566796,8.56635535879439,225.48883835317363,970.9402496046185,1,1,0.98
69.79921024677829,9.610183439294637,201.79396699451482,6.982261880348117,0,0,0.06666666666666667
71.01731817933612,9.200727628770796,212.33343412216652,595.2297327194016,0,0,0.013333333333333334
63.200719295100406,6.858247695863001,215.83805595114745,820.2533189448898,1,1,0.9133333333333333
63.597853237518585,11.345147402405463,221.4488783309689,584.8278113057909,0,0,0.0
75.15499761247976,8.89938969230916,206.54129076526786,354.66620498508286,1,1,0.94
77.89606407753696,11.790386440055464,220.01205475362224,50.34952696935324,1,1,0.9933333333333333
72.97578512718457,11.059385508713461,227.78936503512114,900.2641112020704,1,1,0.9866666666666667
76.33455574593312,13.345144773675408,228.868873900973,889.9133763628626,1,1,0.9933333333333333
74.11272456051594,9.033627075401252,230.60209907498879,932.5548784193121,1,1,0.98
62.384065476081126,8.161230816827153,222.52240396426677,843.879411230929,1,1,1.0
66.74678715439086,9.659630754950143,209.14849473442203,476.8388777331244,0,0,0.04666666666666667
70.14372411467409,12.346249275173282,214.3016707176124,415.14565399274574,1,1,0.9866666666666667
62.02786170602816,7.90617803463612,212.78262446662745,125.54978989847709,1,1,0.6533333333333333
76.76936187082707,8.056771922978697,209.96042627918501,617.1059444286562,1,1,0.9933333333333333
62.60706877110079,8.530816846403901,222.80636404490136,62.04141695655429,0,0,0.02
73.0394825485827,8.424432496183522,218.24436054500785,435.26227965655386,0,0,0.0
69.82086980445024,10.153643782120511,220.88657590961438,41.91521671625753,1,1,0.5666666666666667
77.38947022370758,9.356729897565234,205.5614518386646,886.1817721293452,1,1,0.94
72.80392263184117,9.141188917749494,218.090962082727,153.8999046937737,1,1,0.68
73.54501878794257,11.290431171900114,209.43442357239746,992.1356394785828,1,1,0.9933333333333333
61.18479922318633,12.760182708294902,221.5519068385898,116.35848516449587,1,1,0.9266666666666666
71.44584321953909,12.531415681729401,214.11133173261305,873.0431470152033,1,1,0.9933333333333333
70.43523534119086,6.886836202680498,226.1577114977114,557.0405132750351,0,0,0.013333333333333334
64.8674235029447,11.495820512235067,227.45005312877282,418.6951433276842,0,0,0.04666666666666667
74.84322495266444,9.925555526980316,223.00474359610828,428.45790384879547,0,0,0.05333333333333334
66.93605654757806,12.608680485756306,224.0860730770177,105.40137739646227,1,1,0.9933333333333333
74.57701058851038,12.060566908063684,214.9185980235269,629.8206544347076,1,1,0.9933333333333333
73.20421430633505,8.236250697544564,207.58239424518376,634.9066591531628,0,0,0.07333333333333333
64.01061053705575,11.346362702539917,224.72002270919273,883.2736014262238,1,1,1.0
70.1415918806523,12.152014277197196,216.40370327547538,198.6316138618691,1,1,1.0
70.9330456157818,8.758304803497769,226.68654804757907,920.6914007786196,1,1,0.9933333333333333
66.13587392731215,8.653018751512263,215.63280263959405,297.28720428132647,0,0,0.02
79.82362566458195,9.723088032032452,220.75955267916086,414.82565552135196,1,1,0.9866666666666667
70.65370288643045,12.472186350420875,219.18477326898355,676.4837495206044,1,1,0.9933333333333333
71.11942012139566,12.29689141839351,234.55822322146767,956.7204338893498,0,0,0.38666666666666666
65.07136976832228,10.481506358977137,219.32821709950645,161.9230066322137,0,0,0.08
70.23699335658208,6.810593865466409,217.04910085762094,902.4032761106747,1,1,0.9866666666666667
75.83891030829903,8.244034826486878,238.70965175371782,541.1138248788448,1,1,0.9933333333333333
67.41977635891313,9.878678372370759,246.93033663980498,370.23218568457673,1,1,0.9733333333333334
80.94901466608836,8.788768920526271,215.86534838876725,402.7037209945602,1,1,0.9666666666666667
72.5751763360433,8.59601662438649,234.84116028535965,679.6972168333452,1,1,1.0
60.552296345272346,9.222963093822228,221.0575379127148,307.81915002611913,0,0,0.03333333333333333
66.9800740664209,12.453866447768615,240.88442772869925,598.56299321776,1,1,0.96
72.45959585753253,8.644569260495787,210.7048913980759,730.2491895295711,0,0,0.02666666666666667
65.04731837434656,10.605270930478067,208.19187184691154,688.0455570741289,0,0,0.06
72.4468728061396,10.648718563443206,227.31870704288295,742.2713922522868,0,0,0.03333333333333333
75.89648592031914,13.056936852825064,223.90695920928144,307.7709052931491,1,1,1.0
67.99389764057082,9.68294085394606,235.337277099165,94.9652752283765,1,1,0.9933333333333333
71.1710736626826,10.723007050412203,217.0016180372512,662.3137387307199,0,0,0.04
70.40937069693162,14.290298255546777,217.52974299254004,240.5315851801487,1,1,1.0
61.72571664067115,9.192703073516007,230.71543152234887,782.4258122127878,1,1,0.9733333333333334
72.64902088957642,13.32251842909574,217.8298294957563,588.0004634296284,1,1,1.0
66.4616526719061,10.83803801873209,215.79238206318948,991.9627472386433,1,1,0.9866666666666667
65.68004615160092,11.910610417141022,232.44679580736786,783.4695600492677,1,1,0.9666666666666667
77.32824384460777,11.045670976071,220.5993263026633,805.7145256682179,0,0,0.31333333333333335
76.1890815598673,8.686211442057209,220.6934433703625,196.24571670616564,1,1,1.0
71.16024968678818,7.030204063100193,230.97152711753697,402.02721688824073,1,1,0.9933333333333333
77.51996494291345,8.990450157543565,207.67476685231492,879.601496711762,1,1,0.9533333333333334
69.63585543671563,9.550733700005951,217.33347670765585,870.6884554574393,1,1,0.9733333333333334
63.27774744482861,11.416428846513114,202.9612841317328,802.3960305536325,1,1,0.8333333333333334
79.40578534720295,10.993398446473044,215.4446047397613,928.8079606878853,1,1,0.94
67.79977756651508,8.528940114820466,214.95820168992327,324.329377351518,0,0,0.03333333333333333
68.461108825235,13.465029998970184,214.64664912983778,256.6472071860958,1,1,1.0
65.40674026757901,10.466432262527004,210.75534011870445,861.4180460955174,1,1,1.0
70.55461294854933,10.872647339348065,221.83849544753696,482.1320989198419,0,0,0.0
72.23854280008658,10.446477828258319,208.93706487588366,986.8959453882975,1,1,0.9933333333333333
83.6008458329481,7.792821365568458,220.06799844559998,805.6488053633419,1,1,0.86
69.61449145292949,10.208402207903752,216.80152476745155,271.4920025427113,0,0,0.04666666666666667
68.89517913085169,8.717036809554095,208.69796275326075,106.80070400236363,0,0,0.06666666666666667
68.63638215126164,10.856614194415297,212.15238091872297,799.1579711047821,0,0,0.24
68.5567068053993,10.783608010805093,221.4338846734225,565.7449506132892,0,0,0.02
74.16961077274452,9.381581845900273,212.3000393380254,671.7088592440608,0,0,0.02666666666666667
72.96550628984193,10.252759159092824,223.33859966568534,488.17767531081404,0,0,0.09333333333333334
70.49666152714613,7.95162635134159,217.70200369424805,580.6452259096341,0,0,0.04
67.13168996559882,12.634230134679731,208.24405394375148,996.5263087986192,1,1,0.98
66.76713557878736,7.163268534133937,216.12869350210485,345.4808537234457,0,0,0.006666666666666667
82.63466212936811,11.929703266194915,197.61768766675027,942.0582194885955,1,1,0.9333333333333333
76.53571377141213,12.75141362662324,220.50887701856018,393.1039075594011,1,1,0.9866666666666667
63.55019550129473,14.12504983848629,209.6747609647246,874.3073341370806,1,1,0.9666666666666667
63.69558022832477,10.661760464428914,218.72450879622465,823.2732126800302,1,1,1.0
53.79366329965464,11.077511984892737,232.35782191822153,865.5623831722035,1,1,1.0
67.5528027874089,7.531302256240156,213.93134822142824,775.5052967189994,0,0,0.013333333333333334
69.36041204259617,11.444762715655543,213.94139179241105,208.83093549458997,0,0,0.04666666666666667
72.21909714073114,8.589976288483182,193.95786143372865,294.06746217677784,0,0,0.17333333333333334
66.16326218555976,9.581352645696267,234.48499229892926,812.4738210441717,1,1,0.9666666666666667
74.11030079997245,12.768545637021036,211.89142488789662,588.3522209831533,1,1,1.0
80.95227812904989,7.707309213962624,225.4711911517521,659.5059816513271,1,1,0.94
74.65640059558099,8.656753264123896,211.80742140278502,550.6633794408515,0,0,0.02
77.75250246407039,7.712547585358676,239.04136589573008,751.8251459566811,1,1,1.0
74.44815397811719,8.56169336151516,223.6873314731752,858.6981212445739,1,1,0.9866666666666667
71.70877987888579,12.603482578797596,217.69599285794231,693.422128056309,1,1,0.9933333333333333
76.78120014285412,7.760660210747712,214.17241342388417,675.8229251040736,1,1,0.9733333333333334
76.38838410949255,14.330004689802168,210.82497178985736,820.0675020556494,1,1,0.98
58.944323454960575,9.928717035405032,208.88032974225837,839.1466080707524,1,1,0.9933333333333333
73.57000247046047,11.881542375976432,235.33433701296326,450.0586394262253,1,1,1.0
69.34928472816158,9.626057394029107,208.99845767028305,525.4703073558932,0,0,0.07333333333333333
81.49449061809625,9.550288036383844,219.51102816525895,945.0240645805687,1,1,1.0
69.03819517609439,10.300837810287153,227.40824345420125,728.370854339646,0,0,0.006666666666666667
62.42127942501384,11.621616546319565,224.8387665118804,828.7089838180063,1,1,0.9866666666666667
77.2188230203663,8.69246732270236,235.2100622715938,866.0356750457565,1,1,0.9533333333333334
68.9115939838639,9.949946082509712,216.79332374442808,69.39408590418338,0,0,0.02666666666666667
60.43359877671101,8.621624363820864,210.60096898891135,577.6317543444226,0,0,0.013333333333333334
72.52493639490228,8.836638172102713,239.76440584515484,411.1904758694911,1,1,1.0
69.62777042116916,13.828062707733572,226.03187431082344,271.99860534435606,1,1,1.0
69.89549203017926,11.073019687140807,239.95667489783963,965.3027236303998,1,1,0.96
70.1050192081638,7.376327535299681,224.21586610614455,406.59053735947225,0,0,0.02
64.37255476350812,9.844325605974396,219.93478684770542,489.6440760320326,0,0,0.02
77.2669223855885,10.883881299138817,237.04105516255493,500.5793174308313,1,1,1.0
73.27182828177028,9.416377462168912,226.51521991339507,670.4343337969175,0,0,0.02
67.12181086881112,13.279929058742786,226.2952958422181,879.7524022943436,1,1,0.98
74.28199397161737,7.331949010163591,224.62172666081943,51.29384898121558,0,0,0.04
67.43066541331653,12.476566142867272,212.16234334413605,377.83921372718663,1,1,0.9933333333333333
61.652973594393146,12.442067391050706,221.75211418908512,672.2506872941947,1,1,0.8866666666666667
65.36534764210958,11.116653825043445,224.3673855173351,765.3633638580407,0,0,0.06666666666666667
77.2557180389752,7.256197714137287,221.60018225852787,873.6185287372153,0,0,0.30666666666666664
69.98198730454716,11.906250090752174,203.45112563771704,875.9049249998945,1,1,0.9933333333333333
70.3490104249501,10.384098232980064,226.6631250090921,692.3543061544142,0,0,0.04666666666666667
65.30060106836322,11.172728037510186,217.65592199683678,969.3218122841789,1,1,1.0
74.86277224813365,10.389214910474486,204.51381701136253,312.59802490830015,0,0,0.14
74.06754818000319,11.115620612703724,224.97743089091395,340.9585714355583,0,0,0.02666666666666667
64.93584439832789,8.697163992771102,217.3548515868939,820.6961607667793,0,0,0.30666666666666664
71.20981135783018,14.150521745250531,212.308576502127,252.85811825011118,1,1,1.0
72.88278481527882,9.758103702784437,217.69133626155232,126.8240225504188,0,0,0.07333333333333333
70.91671002869175,12.079809374792152,206.73952313917962,305.7439574472911,1,1,0.9933333333333333
79.24478047472672,11.15926634642715,210.92243819853078,832.6117733261311,0,0,0.38666666666666666
74.13591624518011,9.438649846266452,240.89538721694774,549.8685627762052,0,0,0.38666666666666666
63.359069755507846,10.448903637119944,219.74425687808005,531.5721526867312,0,0,0.03333333333333333
73.87317026714669,9.888461844684588,221.98948146796494,210.31855628579365,0,0,0.006666666666666667
66.99891561420603,10.786635678788743,208.51205964841344,226.2724300031862,0,0,0.06
71.22483285554361,10.8738763394927,224.920188479928,918.397542081558,1,1,0.9866666666666667
77.48022155744592,9.495292995747425,232.74875041278722,4.187443627957865,1,1,1.0
67.3712248915962,8.788570153993323,219.5134764842955,632.3962564655086,0,0,0.02
60.66367403704126,10.619641420454055,213.5245819436484,826.0646845482855,1,1,0.9933333333333333
78.82727120140548,10.467571823581496,218.10879609222965,934.4330387534415,1,1,0.98
68.8293152152541,10.7869707708435,222.13293707372938,347.51879531375465,0,0,0.02666666666666667
72.48999145622724,13.423416960284687,214.51712703509398,531.8717665050166,1,1,1.0
72.94158603242288,11.015982653825088,217.48461113955506,44.99682123542436,0,0,0.06666666666666667
68.95938874821363,10.777157209061928,237.3889966379758,478.5283699195225,1,1,0.9866666666666667
72.36618812286773,8.035025212923381,205.76042847549854,337.454278964229,0,0,0.06
79.43092950605265,11.22554781012514,210.99379265352133,573.0422006190157,1,1,0.9533333333333334
71.39510762885169,8.914652400531956,238.48608833296413,995.734452051323,1,1,0.98
76.39225931303649,10.739284384396187,223.2950873557301,422.19223388067803,1,1,0.9466666666666667
82.8667990162493,10.676967686923382,213.42165446147862,692.0505530397448,1,1,0.94
64.44712077267086,12.434317041650992,223.49650047299693,593.7806319434522,0,0,0.4066666666666667
79.48396491326974,11.12781824010472,207.42422141085385,397.6844144330547,1,1,0.9666666666666667
72.36298741206521,6.767378783126825,214.69029102188034,615.4207798208354,0,0,0.04
66.88650240089703,5.694218814095034,234.22369861698508,341.31864595005214,1,1,0.9866666666666667
70.48060388470492,8.583186466179075,223.49800024567907,751.2789243737668,0,0,0.08
69.702373219691,10.152010782824822,224.04294754961697,253.02634092025323,0,0,0.04666666666666667
70.36658983594202,10.847198131186921,229.41310580767484,240.67051475715306,0,0,0.11333333333333333
73.10336048775339,8.615158040252288,224.79441518086065,303.38554362913317,1,1,0.6466666666666666
72.02025428407269,7.920188145748938,236.42672953255965,308.468281489484,1,1,1.0
68.67671583381022,8.022817785698166,240.2360621922964,832.363539660995,1,1,1.0
64.15660981190234,9.884762405932829,210.05650625391488,805.4300430459791,1,1,0.9466666666666667
73.29272136336415,7.818067139569603,225.3481733634591,362.98284040387165,0,0,0.03333333333333333
79.00470216455408,9.697453432692976,214.2964863358632,345.57958587081305,1,1,0.9466666666666667
76.7271002307749,8.663711828922011,234.10459145203504,393.1471294940152,1,1,0.9866666666666667
67.03803037880566,11.39277489491343,249.49094425308726,828.6529061182893,1,1,1.0
72.8853606359027,8.003229121623416,206.22382499245762,825.9323085500162,1,1,0.9733333333333334
63.77130610644006,10.639563868285073,206.3682599540719,442.10703467972,0,0,0.02
69.4263177926655,9.592839279795276,225.84412980472484,619.3899693665019,0,0,0.04
74.92161199238292,9.933540018711078,242.18780233448135,945.7497022259302,1,1,0.9333333333333333
63.88936095554027,7.641920417680395,223.35058029084118,25.199094821069636,0,0,0.07333333333333333
67.1209087967766,10.88920533644028,217.9068618042064,954.5659288588107,0,0,0.38
71.78556285755873,9.301484591363142,226.01206748929116,220.44600424541895,0,0,0.03333333333333333
73.43025729999219,7.793583268556634,219.3780898300069,189.9361364575609,0,0,0.03333333333333333
74.15167908272123,8.34481955870256,211.99961435602353,185.27685033354,0,0,0.04
66.01552372264761,10.937548512150048,224.32959825360697,554.6870247883671,0,0,0.02666666666666667
75.89720060360644,9.269356897375783,219.16562030209639,25.68964486940817,1,1,1.0
68.7371592430342,10.338721648072156,226.8021610545045,125.95519637935826,0,0,0.06666666666666667
70.56758672625624,10.267081809564564,202.74193271209404,625.3301699544539,0,0,0.13333333333333333
68.88268607337075,8.020743726859324,197.88138088670493,95.36092127300356,0,0,0.16666666666666666
72.91964092662982,8.380792960156707,214.7375214348258,544.2573370152508,0,0,0.006666666666666667
70.88850500466627,7.187365072656332,228.74517074132524,781.8909129968897,0,0,0.07333333333333333
65.85502494538964,8.663819092713902,230.5194761772292,548.145202728022,1,1,0.9533333333333334
71.01461510425649,9.731382517058904,214.687857053924,460.89833820658185,0,0,0.006666666666666667
63.76108409017575,7.17257100619004,231.92507512477974,979.1515551006156,1,1,0.9866666666666667
61.20630256788443,9.446373400222159,216.6592276902006,556.4646373488221,0,0,0.0
73.31065337260523,9.695060327238913,213.22435347664344,747.078267129029,0,0,0.03333333333333333
70.92316929266153,10.251152906943085,222.439531979085,16.592480632597884,0,0,0.08666666666666667
65.10618142108846,14.114990939423397,222.1128369227947,126.94441375497267,1,1,1.0
69.93251387631032,10.798446245210558,224.76357769356218,459.1240232866809,0,0,0.04
76.00606961081972,11.473687794184867,211.04653677636975,80.10572660960224,1,1,0.9133333333333333
69.72226150551691,11.469755572099634,203.9342289926132,395.93722619594985,0,0,0.02666666666666667
65.58071281899433,9.960724402146637,224.25887206193036,529.9405869302329,1,1,0.66
71.03843843581555,10.230052158294834,214.4257694689168,312.1897365691294,0,0,0.13333333333333333
67.56437308117651,9.09354390134545,211.74589470021044,630.0931268616634,0,0,0.006666666666666667
82.22875989808414,9.63904017281875,225.9879438956191,415.4430005920896,1,1,0.98
78.32737222231289,11.900615183947151,235.54160420714774,171.82946035765843,1,1,0.9933333333333333
67.23175347326409,12.579505508165491,224.99685110302934,115.14617839520113,1,1,0.9933333333333333
77.8276201461717,12.201919269997141,235.78118057562185,120.36357620998605,1,1,0.98
68.07722227885087,8.934598320676177,229.18454443942414,216.33277763082702,0,0,0.06
67.64034067105283,9.629424682244583,213.50626961678574,396.9921622074741,0,0,0.013333333333333334
69.28810257489353,13.002667303910973,228.29732417879174,57.02691400361937,1,1,0.8533333333333334
75.18769972128949,5.274135128916323,228.48430882205284,296.61248215709315,1,1,0.9333333333333333
69.11526386252976,7.7885906630281285,213.62692252971206,725.3716002348575,0,0,0.02
80.71972044662662,8.392650864060538,207.8882807071922,977.2799325664473,1,1,0.98
74.49799937716625,11.838152965975537,224.18398220888685,258.59159113478404,0,0,0.13333333333333333
68.50496324767066,9.143769678068175,232.03884437168816,231.38063637684803,1,1,0.9933333333333333
67.76742523966489,10.21075101229192,204.0187564811625,752.4683375864944,0,0,0.10666666666666667
75.677828200903,8.614189604408185,226.04515326355366,193.43534295648257,1,1,0.98
66.54045965059377,9.941474372630044,190.08864029099277,802.4017844513243,0,0,0.34
72.2213165574302,9.482190052591845,226.12468794013603,694.9531193430477,0,0,0.02
73.45071995855557,12.393143003328984,213.7073660630721,240.29912345036675,1,1,1.0
66.6153899984702,10.988060372565478,213.41883510924742,661.7777324716385,0,0,0.006666666666666667
62.957693518182204,12.219399683912446,230.23709546106983,285.6259885622431,1,1,0.9733333333333334
73.95515973521523,12.211051865915968,244.12615421612915,783.2979829560477,1,1,0.98
73.95831346981468,9.71182488855677,216.129002975256,1.1120941961874076,0,0,0.04666666666666667
66.99680655040598,11.227035945460834,222.09659415274626,380.9912736683999,0,0,0.013333333333333334
71.12046240905208,9.945390920980136,214.64198536947703,314.91844458889574,1,1,0.6066666666666667
71.64375554829843,10.477578318053027,218.5221968118253,403.2106331838228,0,0,0.006666666666666667
61.449158036716874,9.480906644832165,214.94253295738062,596.9452234131726,0,0,0.006666666666666667
68.93005577887246,9.58376628545492,218.40954789599948,312.9195480288226,0,0,0.06
70.97044996449154,9.055818844605746,232.95871781863013,54.732706924985884,1,1,0.98
70.06500945938953,6.614086371609229,203.92338972881942,50.57310382422886,0,0,0.06
68.77128467957027,7.875212943706241,209.1036696265761,180.89190137889832,1,1,0.6733333333333333
68.45393812074393,12.345458038518728,228.74389180712728,833.6440104751723,1,1,0.9733333333333334
68.82706433312427,10.692976951795986,228.1788965802503,379.04048538303505,0,0,0.02666666666666667
66.86516471106117,10.246409613568972,214.8357035611243,500.05825919108673,0,0,0.006666666666666667
67.89677338617321,4.207489243612621,210.9794844564249,251.1692675484013,0,0,0.07333333333333333
65.91532164506381,9.409039363941679,222.8732890440301,73.36406745960267,0,0,0.0
77.23488942176867,13.224441256510849,237.3885135185333,248.53982092742598,1,1,0.9933333333333333
67.41194350481915,8.875663946843396,210.63493625210404,679.1625683195628,0,0,0.013333333333333334
73.78494308322676,9.63420711779032,201.23447293958125,245.84744249340028,1,1,0.68
70.06296200390898,8.133464081853608,202.92642042407053,96.64483428775227,0,0,0.006666666666666667
71.11066885816857,10.534253302022966,219.1940025070324,956.2918815133613,1,1,0.9733333333333334
70.32140009547732,10.08762294395822,234.19603004513638,737.9509473975921,1,1,0.98
73.43130095187257,11.267553761864196,227.44191971499936,673.092130911217,0,0,0.02666666666666667
73.1620386952776,8.754701276531096,218.23225836884217,760.0055449620985,0,0,0.04666666666666667
77.2078431032895,9.085807486827456,216.9151721154418,353.10288893838947,1,1,0.9933333333333333
64.35146572671191,13.544503193339487,207.41495089324667,826.3408109501868,1,1,1.0
67.16851135198614,8.491448299961284,231.1432169466887,120.387578789089,1,1,0.9933333333333333
73.05292872641911,11.520111927379205,209.57955587756896,965.6389752668005,1,1,0.9933333333333333
63.39883396489679,14.026774495053246,205.03470744909922,619.1727353658367,1,1,0.8733333333333333
74.10951252187611,9.012486833677375,216.83927143972952,879.330215678474,1,1,1.0
73.78753855023652,10.789343059645962,220.37937835447602,940.5039528794026,1,1,1.0
64.59471729795868,10.426393256475379,219.68560829625224,745.2147426908346,0,0,0.006666666666666667
71.2986125086074,9.022301156427451,240.56543564829542,280.33475255141246,1,1,0.9733333333333334
71.62083176244221,8.780975595681433,214.41698246053969,293.35342144100986,1,1,0.7466666666666667
73.7364680256163,9.650080486609182,216.1602872804765,295.9320294366161,0,0,0.08
69.07548931778506,10.359163563879196,233.2893331953541,513.7078552153048,0,0,0.36
64.93947812369916,9.330449335786918,236.9995737457638,349.937853570714,1,1,0.9933333333333333
71.65631715701782,11.087200309188864,222.62561329001926,814.6710047099892,1,1,0.9733333333333334
71.24691841855378,11.276102202881514,212.69043724284526,512.8747423052678,1,1,0.5866666666666667
73.05838144420434,10.521347531647814,216.96273971223334,76.80304831442153,0,0,0.04666666666666667
75.07185032509065,13.42122674516385,228.53975976552223,518.0774980403447,1,1,0.9933333333333333
71.67228394993512,12.253410273655167,211.13319077716542,697.0241660042996,1,1,1.0
66.25756731721724,11.855680256162474,222.71495310825648,498.12994354804243,0,0,0.02
64.04348251398676,11.963530973983188,232.81643795003768,573.9498660690105,1,1,0.9466666666666667
70.37047390209888,10.5651599009766,216.30473071166642,766.5273162216272,0,0,0.006666666666666667
80.66516687328134,8.4280210789841,215.35595737690613,130.97374299417407,0,0,0.3933333333333333
73.07967803472133,7.308040639506503,218.65503215598267,610.1079220362346,0,0,0.02
68.59449853557022,12.140300476632856,220.77480518518863,783.1614309236971,1,1,0.9733333333333334
71.92658689864419,10.880949475920797,213.38017822203392,394.57231531892376,0,0,0.02666666666666667
63.99851796472112,8.701444909867986,236.17212574968624,330.2846675020844,1,1,0.9933333333333333
68.65555654722584,10.388768603154672,225.10792088527595,866.4231835397002,1,1,1.0
74.3480296005283,8.70807164175093,213.6463761117437,989.5053333843224,1,1,0.98
72.56633716556678,9.607300301830044,234.52467534470745,531.2940183509319,1,1,0.9733333333333334
63.61625712089845,11.34268015290093,210.7330169115269,645.2185758446639,0,0,0.013333333333333334
68.36168926701116,10.103891771614599,208.6116688221923,824.471517604549,1,1,0.9933333333333333
66.68688120527077,9.547031802300337,223.67481665474304,809.6750362658893,1,1,0.9733333333333334
59.874287066711965,13.355401628152881,220.14273067836433,659.4229620819975,0,0,0.32
70.58663691654391,8.203064036417926,251.0991855600536,50.4167736022092,1,1,0.98
78.97278931758893,12.791367621579912,210.90316583018165,961.4166196420495,1,1,0.9533333333333334
64.70393239055524,10.042543153472124,213.0945894768374,62.03676362878152,0,0,0.02666666666666667
72.35734178567998,7.123444043365266,227.89056687375518,728.6562842366027,0,0,0.013333333333333334
66.59474171262559,4.1192227306714395,219.3136595391453,818.8692705204716,1,1,0.9466666666666667
72.41236207621593,6.8589987927536455,233.7284847467653,930.3984201693255,1,1,0.9866666666666667
66.59007876001101,11.416607694402128,217.87791030098848,320.4012861402149,0,0,0.006666666666666667
69.86743062275391,10.434865746359446,218.37207093927705,978.3547870568566,1,1,0.9933333333333333
62.60739004816286,9.65474540011836,211.775800676178,971.1509073682857,1,1,1.0
71.28014867156938,7.892635161707291,216.6486221882855,81.57492561136593,0,0,0.09333333333333334
68.28642741736616,14.176749409561456,211.30336918725305,844.2123252861431,1,1,0.9933333333333333
72.53637015553649,10.012844539621875,198.694335201928,520.5438373048585,0,0,0.07333333333333333
67.27540456595526,5.654660907971928,224.99864123740372,550.5316805962256,0,0,0.02666666666666667
65.1265916488634,5.001188570252854,208.88542043062967,28.652427577654514,0,0,0.14666666666666667
71.78507742982524,10.16365871709513,211.69555593443434,13.682414760681105,0,0,0.06666666666666667
70.75196893238103,10.598585160812984,212.4150466529993,578.49250822933,0,0,0.02
69.55439980243605,7.406336104088307,226.89707805245195,934.729915488301,1,1,1.0
73.80207328072149,10.81410457424907,221.99810433718713,187.12427041050174,0,0,0.07333333333333333
65.75077815267605,9.265944321833356,217.97019362604343,44.065861570381394,0,0,0.05333333333333334
75.54351790291454,9.971095458243441,223.82988984740928,357.1923339930448,1,1,0.9866666666666667
61.5376768514259,10.96946563458895,222.96575545140763,475.0898728667681,0,0,0.013333333333333334
69.58924410803715,8.808677411913015,210.51083479175162,9.910695491153643,0,0,0.06666666666666667
70.02621849859092,12.371408309325993,214.53319915412735,108.04455937640711,1,1,0.9933333333333333
65.90889658383264,9.859002443881817,224.57772866151885,792.1911948016761,0,0,0.29333333333333333
70.98260584850735,11.042244856758677,214.71022291935984,538.3949792869577,0,0,0.02666666666666667
70.98430617934562,12.094196605224308,202.30924095110882,32.65906078449588,1,1,0.9733333333333334
64.98735317681096,4.81791541571018,222.61250531233856,851.1507354259818,1,1,0.98
67.60412881077355,11.543397421296689,228.5089796216797,373.4579451327053,0,0,0.013333333333333334
71.55625077271768,10.839064887814056,234.53260663321035,391.7424505622782,1,1,1.0
75.0314640460722,7.6601663285794235,207.54282623553615,442.5773459328154,0,0,0.34
67.44991800572626,7.9805385905801245,197.53110666015394,77.18753022646796,1,1,0.6266666666666667
66.42824290986816,12.01963417868527,213.83638591960522,419.6273828068103,1,1,0.9666666666666667
67.11554065238425,4.255475573436701,220.5493411099985,48.362711048780874,0,0,0.03333333333333333
69.51643444064804,9.759237672092803,235.32367724678116,625.6819122613526,1,1,0.98
73.16959511159006,13.278233610888135,227.30764119066524,793.8181039080397,1,1,0.9866666666666667
64.59225998192802,6.478382376038448,219.54588782067762,803.0118815263205,1,1,0.8533333333333334
68.81590696629996,10.557988324447605,219.33867385374177,229.99375396324052,1,1,0.6266666666666667
75.94508265553776,11.838308347220003,222.20541427013868,168.2785885077128,1,1,0.98
78.85400317817755,9.648228375135327,224.54740912141133,859.1117576469165,1,1,0.9133333333333333
68.39307079173503,9.395060627023744,220.4977368718096,556.5784285021533,0,0,0.006666666666666667
77.93008408072676,11.416217353377181,231.94109403047372,218.7138889065392,1,1,1.0
71.62041984697397,8.748874596980942,228.25098264667633,612.7958355365104,0,0,0.013333333333333334
69.52352233806523,6.3978845316945225,226.85507738790204,596.0501157609502,0,0,0.013333333333333334
80.76591228755778,12.942340654987216,231.17398815902462,582.7144493446815,1,1,0.9866666666666667
65.11222377600724,11.261623369109556,197.80699627252466,516.2832991976741,0,0,0.11333333333333333
70.85684140594985,9.08223147426212,215.90717561886896,407.7481050027323,0,0,0.02
68.4541393826568,6.831728113989021,202.23753666533548,182.8133885392259,0,0,0.08
59.59035296058139,9.734732507234853,216.48585764286267,174.4092671114995,0,0,0.08
73.1417275463214,11.199857459992408,228.49102110743144,217.891379626744,0,0,0.08666666666666667
78.43570817536282,6.94868737085981,220.2538842054241,540.2788931874211,1,1,0.9733333333333334
70.57837317146429,10.537184557726514,223.40589216400497,252.31192706968707,0,0,0.006666666666666667
68.75481980221811,11.296560867687718,227.21562505126144,338.0844093662614,0,0,0.02
78.34510762644696,12.824441110830858,217.81954104607627,399.33258019922255,1,1,1.0
80.8162736165273,10.285886189527414,232.57149216862572,458.0286165838686,1,1,0.9866666666666667
64.46737045629165,9.293667414378623,230.30580585624057,59.61732534465902,1,1,1.0
77.20058607724737,10.179161362510497,217.4114559963017,97.3668937912211,1,1,0.98
71.55453782799002,7.6597739478812805,230.59936384046622,712.137045880605,1,1,0.9933333333333333
69.83652625952953,12.34694771497065,233.81454078690487,454.1836627367061,1,1,0.9933333333333333
64.95956844541298,11.0318784354082,226.51136241823656,184.45905105988336,1,1,0.6866666666666666
67.3487119081378,11.131019291263089,226.8205206571262,997.7493890102006,1,1,0.94
61.48308780322422,10.981949903276503,215.63235762761784,675.662902207073,0,0,0.013333333333333334
67.11548172168798,8.493164259307633,230.35249334723753,872.8594215656645,1,1,0.98
69.0656417791932,9.033877896633122,218.83234084204753,486.173654104883,0,0,0.006666666666666667
64.71144535522049,11.294391879405483,225.05470159166626,303.2858908492829,0,0,0.02666666666666667
66.18370421728741,9.255586447857894,229.2180150197725,22.066148682290844,0,0,0.06
71.76027698257148,12.523843001427984,227.7740735276451,508.8940700698802,1,1,0.9933333333333333
66.0373963078365,9.241744518025026,221.05894453115235,467.68121248487705,0,0,0.02
67.56196887963753,11.827169252466499,193.64252260983122,571.6076494829439,1,1,0.7533333333333333
73.2510058897933,10.538253882490215,226.40479795200824,232.72834891555183,0,0,0.02
65.84524941794481,12.955060162110524,206.7754204325643,940.8801695592043,1,1,1.0
75.44475298483682,9.740358600533147,233.2130403227301,156.31697070886085,1,1,0.96
79.38397906279033,8.093342783482575,218.1547464234415,142.5565550331156,1,1,0.9666666666666667
68.14279567002104,8.155179631002994,214.61158143807262,483.80253986064724,0,0,0.013333333333333334
71.11893975819449,9.581556252510945,213.32220443531114,631.3759776433766,0,0,0.07333333333333333
74.58930973527389,11.667057923217849,235.11154930247346,556.1906926300117,1,1,0.9133333333333333
67.8655946502629,12.059921635162322,223.11308673442886,280.600813237916,1,1,0.98
73.75693561685894,13.708185132668376,211.48593565739685,935.9372482485595,1,1,0.9933333333333333
81.35346428902199,10.123359699695943,232.23568882418627,557.8736756600732,1,1,0.9933333333333333
63.81524644560959,7.807449826209597,203.99096021523485,163.0191138148862,0,0,0.10666666666666667
72.48357076505616,12.798710873172004,213.24821725025618,818.7402294840508,1,1,1.0
70.4982568254382,9.871723306814015,227.15381315441243,938.5297834731305,1,1,1.0
62.93848149332354,10.848331892803833,207.60741605146526,362.55979655909454,0,0,0.02666666666666667
59.80937732411073,10.133981434449744,210.0418460520977,163.3667583984202,0,0,0.03333333333333333
82.80042269134397,10.150867277803185,228.953554307626,231.0808528744962,1,1,0.9133333333333333
66.81306436346742,7.6127263364870394,208.9513720693748,383.39714105825897,0,0,0.03333333333333333
74.36160318360339,8.661854522680168,216.40231354210914,326.94102433667524,0,0,0.12
74.85785475477178,8.321580665321987,219.56523050186138,730.2217177572492,0,0,0.006666666666666667
66.43577108661418,12.593989093122218,224.63206292099122,133.0097989073288,1,1,0.9933333333333333
69.04830660958196,12.416732461186285,217.20239831504165,595.6798241615295,1,1,0.9933333333333333
66.73688010348805,10.38947238943755,239.8727599923081,827.5236939538171,1,1,0.98
71.33525132934629,5.69636919734139,224.82066727335385,302.46631746146966,0,0,0.06666666666666667
70.05116530509794,9.367183100610395,220.34152417488025,575.3591731290986,0,0,0.02666666666666667
70.48497982496359,10.113299849794215,224.39501230620226,697.83278550517,0,0,0.07333333333333333
67.57318226085448,8.329305893480486,240.99721789166514,411.30397206623127,1,1,0.9466666666666667
73.48103182406709,15.179127284037229,229.02277173786646,578.3597631165401,1,1,0.9933333333333333
67.18137723598012,10.340832444750976,213.39678860526553,134.57626710410776,0,0,0.013333333333333334
63.92905693606134,6.049066867292257,226.68741655592513,945.9246440320866,1,1,1.0
65.70821109909393,13.22455651597729,208.69384665062475,720.1574609309403,1,1,0.9866666666666667
68.75517925760464,9.27009454091423,217.70609255931973,583.1302190995835,0,0,0.0
71.30527636089944,6.003598630935785,209.28142766959846,844.6659090902243,1,1,0.9866666666666667
63.08600134517832,11.185053898402366,223.40051294568892,939.5685890251657,1,1,0.98
65.92094857517282,10.562382847938752,219.24048976357477,709.4388646339747,0,0,0.02666666666666667
59.63304883795925,9.266351176370625,225.82026567084728,355.43933736406177,0,0,0.02
67.14410505108602,9.673866072112473,223.34176417244896,123.84602670581745,0,0,0.03333333333333333
70.99042380383928,7.986914869440717,221.7183933979353,402.7394847468307,0,0,0.013333333333333334
66.69106767615806,11.137966158370551,215.9296368707322,866.1015453778347,1,1,0.9866666666666667
70.73356843216662,13.197294341009433,237.24696649761108,982.7395409103859,1,1,0.92
68.70204324318198,9.840717217508569,211.52366071380916,409.6728692925191,0,0,0.006666666666666667
73.39798874467338,14.421046003182703,230.0751368983692,270.6439419817657,1,1,1.0
66.23131917821256,11.706831117560615,224.66358374446335,544.1986625037022,0,0,0.02666666666666667
80.37700399322719,8.505576641704353,220.8568716140336,523.4013709220083,1,1,0.9666666666666667
63.323278206449494,9.833788854742611,213.50234773151732,765.858643884742,0,0,0.04666666666666667
67.6886235564748,6.972571214774346,209.9594540315799,896.9952893644111,1,1,0.9933333333333333
71.04431797502377,7.548468673995318,223.92415967178766,933.7494230014701,1,1,1.0
62.962681128117225,11.868639822478547,211.3722423595688,779.8208840100681,0,0,0.08
70.6100490732268,11.484254982143785,211.9568424034001,49.220914540761605,0,0,0.02666666666666667
68.44866621703272,9.389550591290664,213.82746813453076,714.718833502036,0,0,0.03333333333333333
62.75993049791878,9.069379086439893,211.10759171771676,430.535820913037,0,0,0.006666666666666667
78.22483856750642,8.43020337383552,223.03818595604875,401.46177908904326,1,1,1.0
62.48428523440947,10.904743592499468,213.47911111406938,978.2206685265583,1,1,0.9533333333333334
76.3577754749708,9.136759374563903,217.3655178391775,471.73983751843906,1,1,0.9933333333333333
72.06465727137812,9.223646362917542,220.07063158628176,342.73092542790715,0,0,0.03333333333333333
74.63088773765821,11.556722152333275,225.7061299721953,755.1336174451959,0,0,0.03333333333333333
66.36431412087566,8.776461818189428,217.4382024750462,976.5610233229042,1,1,0.9666666666666667
85.3944040422762,8.2250156443958,206.61394200276752,162.66081510548514,1,1,0.9666666666666667
74.06262911197099,9.275118117193736,222.6536234939963,413.1725172077195,0,0,0.02666666666666667
68.76411308739702,12.377826742949285,220.72036861283746,298.06620117000415,1,1,1.0
68.07458859791842,10.791607066874818,211.328697842891,938.4821582141545,1,1,1.0
67.57882963566874,7.580717962617589,223.6363188262497,40.13885908536652,0,0,0.07333333333333333
79.32887255572378,8.623699309644552,216.24803619676064,50.62247226907412,1,1,0.96
64.61127611035347,9.705995996743022,213.99576434261294,360.4745051415539,0,0,0.0
72.39489912873196,10.873119608315335,219.57176618688425,945.9708898455993,1,1,0.9866666666666667
67.89906591452072,9.802823735431476,229.51449277058086,119.95294173096983,0,0,0.06666666666666667
68.1951691709046,11.17338760295055,209.83316871423503,567.3909441560734,1,1,0.7266666666666667
69.8265755630661,8.775125250719125,217.56616020624983,328.82261784860935,0,0,0.12666666666666668
64.64957616836924,9.260779327912733,208.52308610184332,38.95784634846422,1,1,0.6733333333333333
72.7354869058502,12.171791131663156,225.3450564848055,563.9195667556237,1,1,0.9933333333333333
78.98843263424762,9.94695748150188,222.5775254014275,122.49786196598922,1,1,0.98
69.46484820022721,11.506683242209064,214.19946758629956,354.72855673021263,0,0,0.03333333333333333
68.18193893893073,11.41890363427808,214.07644044347947,861.664884699101,1,1,1.0
66.22308533823339,11.002188339879691,208.48985916380494,798.6557803566366,1,1,0.7466666666666667
65.80139078909612,11.355851742678539,210.3624107378939,682.1916892550987,0,0,0.02666666666666667
63.810922505865754,11.913404633589169,210.1883446886032,59.94330086130828,0,0,0.06
65.69793317358024,11.027200213139434,229.7581671934471,383.2153659472517,0,0,0.23333333333333334
69.45619925771571,10.239160736828307,204.77640813782108,607.1352808835769,1,1,0.6133333333333333
83.16191032418695,12.747317090325915,215.48340523840378,679.0666044956374,1,1,0.98
60.795628843341774,9.791101562925057,224.1486550036191,213.99467869831358,0,0,0.05333333333333334
64.89383591434644,10.507479322989147,213.96019374030772,374.8249243499977,0,0,0.0
66.7408194609892,9.067926996263516,215.82633186394915,599.4611396587167,0,0,0.006666666666666667
71.48492336616593,8.306077303363345,203.56811188845833,834.9472056944037,1,1,0.9666666666666667
70.38684153823809,8.871504802685223,215.06877177600228,396.31262549822054,0,0,0.03333333333333333
64.24503211288848,10.0760069563364,238.00511181510853,840.9087104029071,1,1,1.0
64.20817655403728,11.026170840194586,210.39953704720537,905.2989990105154,1,1,1.0
65.69357899335868,10.369102606394074,234.43632003468815,296.32580189980007,1,1,0.9533333333333334
77.64775159730307,8.307286690018254,224.63184795267586,922.4342836561244,1,1,0.96
70.02556728321231,11.832655349404963,204.46241233983935,431.3017063410146,0,0,0.04
68.62474151424178,12.393262973291302,230.7297804776601,151.4323143699633,1,1,0.9933333333333333
67.23888477859515,10.577387258559714,231.7972520836071,511.11363848950054,1,1,0.86
74.770008817466,8.563185468861604,228.82333062323409,641.5044812562517,0,0,0.02666666666666667
65.31087480042439,10.081183382407765,224.72406277880378,408.4555814084826,0,0,0.06666666666666667
67.18856235379513,10.395821566925296,218.06173861227197,823.552226611819,1,1,0.9533333333333334
69.07170511668092,4.302914758739849,218.62628211600602,255.33637376324413,0,0,0.08666666666666667
74.1784605603257,9.944970189898727,212.90420145250826,820.4875844802748,1,1,0.9133333333333333
69.2216138230396,9.592652499646068,201.20075614860954,957.9458599261376,1,1,0.98
66.20433669223151,11.484190744018614,220.32796995411587,128.32586218876452,0,0,0.08666666666666667
62.923146289747926,11.996020219719304,223.76409526097515,915.0607325172224,1,1,0.9666666666666667
69.2647130924893,9.325828057763921,225.75205016106565,323.5304124854915,0,0,0.06666666666666667
68.18580719780171,8.699994838353081,205.94810153196426,682.5404787671571,0,0,0.06
66.8759071115216,10.140104326226362,220.43514668643465,400.3128361729941,0,0,0.0
67.37739866860113,8.192596278539744,216.70552213652908,210.1071929123518,0,0,0.04
69.16440959841573,9.482407874665796,199.1588706050141,138.3715947205566,0,0,0.07333333333333333
66.61803848970365,9.605323159385348,223.5250496835688,706.3719968099961,1,1,0.6866666666666666
74.06758608684835,11.194800139699716,207.60892924346098,757.2829782755007,1,1,0.7133333333333334
73.62883311949346,8.496417899809632,220.8199555641356,177.08225539728983,0,0,0.05333333333333334
71.8860593753226,9.427991556239778,222.14713183170525,167.81459564602864,0,0,0.05333333333333334
73.90911435888655,10.031158095162935,234.89863438602083,602.4494419665878,1,1,0.9733333333333334
78.38218656137641,7.491421153661501,205.51408585366457,397.7934409290982,1,1,0.98
65.62190873307621,12.048125051622925,227.90371896051712,80.61540516960176,1,1,0.9866666666666667
67.76783192724736,9.66371236283042,220.98067539538945,345.0168399245661,0,0,0.013333333333333334
68.42365377679828,9.410100643415944,215.299578522405,886.0861088135164,1,1,1.0
75.94196636724043,8.388259867007623,218.12670981593627,248.79178873917706,1,1,0.9666666666666667
72.52023257758923,15.203366228360789,212.8424001088925,658.102218056492,1,1,1.0
73.40976485647482,7.869772673849255,228.38940500469613,143.2814587026411,0,0,0.06
71.90098925502981,6.990559251937995,207.96799144610856,691.6556518665416,0,0,0.06666666666666667
71.17807279054283,6.7697363681889815,234.64177238752438,145.32669242050412,1,1,0.9933333333333333
68.0333059383632,9.33236102048798,215.75763666601955,595.3663701568727,0,0,0.0
68.2035395460647,10.848122088928179,233.88337778208447,975.7788185489327,1,1,0.9933333333333333
70.64610590987614,16.38621513568972,226.6834048871808,24.005044844888857,1,1,0.94
77.61514928204012,8.706126444588852,216.92038470360959,969.7236327979771,1,1,0.98
67.73846840375461,12.248225439972027,232.63706677654667,241.16521430776194,1,1,1.0
65.00822979630604,10.217119411553046,236.25958915362062,811.9462346378834,1,1,0.9866666666666667
63.47765249747573,10.799375903505283,214.97025229448656,250.87909989070022,0,0,0.02666666666666667
71.68801331037601,9.547042216196946,211.31707268123634,220.48763941474925,0,0,0.08
79.23318498023833,11.243143779712101,223.2405702822156,189.87532909591997,1,1,0.98
76.84315778766174,6.067286821247997,225.14254756017834,640.9655280987578,1,1,0.9733333333333334
69.64917144270676,10.63834902083836,215.4387917252581,575.0605734588147,0,0,0.02666666666666667
68.98903673783053,10.949396465759905,228.87655425873837,500.27853520776034,0,0,0.02666666666666667
